atracao_id,dia_semana_id,horario,aberto
0,2,09:00 a 17:00,1
0,3,09:00 a 17:00,1
0,4,09:00 a 17:00,1
0,5,09:00 a 14:00,1
0,6,Fechado,0
0,0,Fechado,0
0,1,09:00 a 17:00,1
1,2,09:00 a 17:00,1
1,3,09:00 a 17:00,1
1,4,09:00 a 17:00,1
1,5,Fechado,0
1,6,Fechado,0
1,0,Fechado,0
1,1,09:00 a 20:00,1
2,2,09:00 a 18:00,1
2,3,09:00 a 18:00,1
2,4,09:00 a 18:00,1
2,5,09:00 a 18:00,1
2,6,10:00 a 18:00,1
2,0,Fechado,0
2,1,09:00 a 18:00,1
3,2,10:00 a 18:00,1
3,3,10:00 a 18:00,1
3,4,10:00 a 18:00,1
3,5,09:00 a 19:00,1
3,6,09:00 a 18:00,1
3,0,Fechado,0
3,1,10:00 a 18:00,1
4,2,08:00 a 17:00,1
4,3,08:00 a 17:00,1
4,4,08:00 a 17:00,1
4,5,09:00 a 13:00,1
4,6,Fechado,0
4,0,08:00 a 17:00,1
4,1,08:00 a 17:00,1
5,2,09:00 a 17:00,1
5,3,09:00 a 17:00,1
5,4,09:00 a 17:00,1
5,5,09:00 a 17:00,1
5,6,09:00 a 17:00,1
5,0,Fechado,0
5,1,Fechado,0
6,2,11:00 a 18:00,1
6,3,11:00 a 18:00,1
6,4,11:00 a 18:00,1
6,5,11:00 a 18:00,1
6,6,11:00 a 18:00,1
6,0,Fechado,0
6,1,Fechado,0
7,2,08:30 a 16:30,1
7,3,08:30 a 16:30,1
7,4,08:30 a 16:30,1
7,5,09:00 a 14:30,1
7,6,Fechado,0
7,0,08:30 a 16:30,1
7,1,08:30 a 16:30,1
8,2,10:00 a 18:00,1
8,3,10:00 a 18:00,1
8,4,10:00 a 18:00,1
8,5,13:00 a 18:00,1
8,6,13:00 a 18:00,1
8,0,10:00 a 18:00,1
8,1,Fechado,0
9,2,10:00 a 16:00,1
9,3,10:00 a 16:00,1
9,4,10:00 a 16:00,1
9,5,Fechado,0
9,6,Fechado,0
9,0,10:00 a 16:00,1
9,1,10:00 a 16:00,1
10,2,10:00 a 18:00,1
10,3,10:00 a 18:00,1
10,4,10:00 a 18:00,1
10,5,10:00 a 18:00,1
10,6,10:00 a 18:00,1
10,0,10:00 a 18:00,1
10,1,Fechado,0
11,2,10:00 a 20:00,1
11,3,10:00 a 20:00,1
11,4,10:00 a 20:00,1
11,5,13:00 a 20:00,1
11,6,Fechado,0
11,0,10:00 a 20:00,1
11,1,10:00 a 20:00,1
12,2,10:00 a 18:00,1
12,3,10:00 a 18:00,1
12,4,10:00 a 18:00,1
12,5,10:00 a 18:00,1
12,6,10:00 a 18:00,1
12,0,Fechado,0
12,1,10:00 a 18:00,1
13,2,09:00 a 17:00,1
13,3,09:00 a 17:00,1
13,4,09:00 a 17:00,1
13,5,09:00 a 17:00,1
13,6,09:00 a 17:00,1
13,0,Fechado,0
13,1,09:00 a 17:00,1
14,2,10:00 a 20:00,1
14,3,10:00 a 20:00,1
14,4,10:00 a 20:00,1
14,5,10:00 a 20:00,1
14,6,10:00 a 20:00,1
14,0,Fechado,0
14,1,10:00 a 20:00,1
15,2,09:00 a 17:00,1
15,3,09:00 a 17:00,1
15,4,09:00 a 17:00,1
15,5,09:00 a 17:00,1
15,6,09:00 a 17:00,1
15,0,Fechado,0
15,1,09:00 a 17:00,1
16,2,10:00 a 21:00,1
16,3,10:00 a 21:00,1
16,4,10:00 a 21:00,1
16,5,13:00 a 21:00,1
16,6,13:00 a 20:00,1
16,0,Fechado,0
16,1,10:00 a 21:00,1
17,2,Atendimento 24 horas,1
17,3,Atendimento 24 horas,1
17,4,Atendimento 24 horas,1
17,5,Atendimento 24 horas,1
17,6,Atendimento 24 horas,1
17,0,Atendimento 24 horas,1
17,1,Atendimento 24 horas,1
18,2,09:00 a 18:00,1
18,3,09:00 a 18:00,1
18,4,09:00 a 18:00,1
18,5,Fechado,0
18,6,Fechado,0
18,0,09:00 a 18:00,1
18,1,09:00 a 18:00,1
19,2,09:00 a 17:00,1
19,3,09:00 a 17:00,1
19,4,09:00 a 17:00,1
19,5,09:00 a 17:00,1
19,6,09:00 a 17:00,1
19,0,Fechado,0
19,1,09:00 a 17:00,1
21,2,10:00 a 17:00,1
21,3,10:00 a 17:00,1
21,4,10:00 a 17:00,1
21,5,Fechado,0
21,6,Fechado,0
21,0,10:00 a 17:00,1
21,1,10:00 a 17:00,1
22,2,09:00 a 17:00,1
22,3,09:00 a 17:00,1
22,4,09:00 a 17:00,1
22,5,09:00 a 17:00,1
22,6,09:00 a 17:00,1
22,0,Fechado,0
22,1,09:00 a 17:00,1
23,2,09:00 a 17:00,1
23,3,09:00 a 17:00,1
23,4,09:00 a 17:00,1
23,5,09:00 a 17:00,1
23,6,09:00 a 17:00,1
23,0,Fechado,0
23,1,09:00 a 17:00,1
24,2,09:00 a 17:00,1
24,3,09:00 a 17:00,1
24,4,09:00 a 17:00,1
24,5,09:00 a 16:00,1
24,6,09:00 a 16:00,1
24,0,Fechado,0
24,1,09:00 a 17:00,1
25,2,08:00 a 17:00,1
25,3,08:00 a 17:00,1
25,4,08:00 a 17:00,1
25,5,Fechado,0
25,6,Fechado,0
25,0,08:00 a 17:00,1
25,1,08:00 a 17:00,1
26,2,09:00 a 16:45,1
26,3,09:00 a 16:45,1
26,4,09:00 a 16:45,1
26,5,09:00 a 16:45,1
26,6,Fechado,0
26,0,Fechado,0
26,1,09:00 a 16:45,1
27,2,Atendimento 24 horas,1
27,3,Atendimento 24 horas,1
27,4,Atendimento 24 horas,1
27,5,Atendimento 24 horas,1
27,6,Atendimento 24 horas,1
27,0,Atendimento 24 horas,1
27,1,Atendimento 24 horas,1
28,2,09:00 a 17:00,1
28,3,09:00 a 17:00,1
28,4,09:00 a 17:00,1
28,5,09:00 a 17:00,1
28,6,09:00 a 17:00,1
28,0,Fechado,0
28,1,09:00 a 17:00,1
30,2,11:00 a 17:00,1
30,3,11:00 a 17:00,1
30,4,11:00 a 17:00,1
30,5,11:00 a 17:00,1
30,6,11:00 a 17:00,1
30,0,11:00 a 17:00,1
30,1,11:00 a 17:00,1
31,2,12:00 a 18:00,1
31,3,12:00 a 18:00,1
31,4,12:00 a 18:00,1
31,5,10:00 a 18:00,1
31,6,10:00 a 18:00,1
31,0,Fechado,0
31,1,Fechado,0
32,2,07:00 a 22:00,1
32,3,07:00 a 22:00,1
32,4,07:00 a 22:00,1
32,5,07:00 a 22:00,1
32,6,07:00 a 22:00,1
32,0,07:00 a 22:00,1
32,1,07:00 a 22:00,1
33,2,Atendimento 24 horas,1
33,3,Atendimento 24 horas,1
33,4,Atendimento 24 horas,1
33,5,Atendimento 24 horas,1
33,6,Atendimento 24 horas,1
33,0,Atendimento 24 horas,1
33,1,Atendimento 24 horas,1
34,2,13:00 a 17:00,1
34,3,13:00 a 17:00,1
34,4,13:00 a 17:00,1
34,5,13:00 a 18:00,1
34,6,13:00 a 18:00,1
34,0,Fechado,0
34,1,13:00 a 17:00,1
35,2,10:00 a 18:00,1
35,3,10:00 a 18:00,1
35,4,10:00 a 18:00,1
35,5,10:00 a 18:00,1
35,6,10:00 a 18:00,1
35,0,10:00 a 18:00,1
35,1,Fechado,0
36,2,11:00 a 20:00,1
36,3,11:00 a 20:00,1
36,4,11:00 a 20:00,1
36,5,11:00 a 20:00,1
36,6,11:00 a 19:00,1
36,0,Fechado,0
36,1,11:00 a 20:00,1
37,2,10:00 a 17:00,1
37,3,10:00 a 17:00,1
37,4,10:00 a 17:00,1
37,5,Fechado,0
37,6,Fechado,0
37,0,10:00 a 17:00,1
37,1,10:00 a 17:00,1
38,2,10:00 a 19:00,1
38,3,10:00 a 19:00,1
38,4,10:00 a 19:00,1
38,5,10:00 a 14:00,1
38,6,Fechado,0
38,0,10:00 a 19:00,1
38,1,10:00 a 19:00,1
39,2,11:00 a 17:00,1
39,3,11:00 a 17:00,1
39,4,11:00 a 17:00,1
39,5,11:00 a 17:00,1
39,6,11:00 a 17:00,1
39,0,Fechado,0
39,1,Fechado,0
40,2,11:00 a 19:00,1
40,3,11:00 a 19:00,1
40,4,11:00 a 19:00,1
40,5,11:00 a 19:00,1
40,6,11:00 a 19:00,1
40,0,Fechado,0
40,1,11:00 a 19:00,1
41,2,10:00 a 18:00,1
41,3,10:00 a 18:00,1
41,4,10:00 a 18:00,1
41,5,10:00 a 18:00,1
41,6,10:00 a 18:00,1
41,0,10:00 a 18:00,1
41,1,Fechado,0
42,2,"10:00 a 12:30, 13:30 a 19:00",1
42,3,"10:00 a 12:30, 13:30 a 19:00",1
42,4,"10:00 a 12:30, 13:30 a 19:00",1
42,5,10:00 a 19:00,1
42,6,11:00 a 18:00,1
42,0,"10:00 a 12:30, 13:30 a 19:00",1
42,1,"10:00 a 12:30, 13:30 a 19:00",1
43,2,09:00 a 17:00,1
43,3,09:00 a 17:00,1
43,4,09:00 a 17:00,1
43,5,09:00 a 17:00,1
43,6,09:00 a 17:00,1
43,0,Fechado,0
43,1,09:00 a 17:00,1
44,2,09:00 a 22:00,1
44,3,09:00 a 22:00,1
44,4,09:00 a 22:00,1
44,5,09:00 a 22:00,1
44,6,09:00 a 22:00,1
44,0,Fechado,0
44,1,09:00 a 22:00,1
45,2,08:00 a 17:00,1
45,3,08:00 a 17:00,1
45,4,08:00 a 17:00,1
45,5,14:00 a 20:00,1
45,6,14:00 a 20:00,1
45,0,08:00 a 17:00,1
45,1,08:00 a 17:00,1
46,2,09:00 a 16:00,1
46,3,09:00 a 16:00,1
46,4,09:00 a 16:00,1
46,5,09:00 a 16:00,1
46,6,09:00 a 16:00,1
46,0,Fechado,0
46,1,09:00 a 16:00,1
47,2,13:00 a 16:00,1
47,3,13:00 a 16:00,1
47,4,13:00 a 16:00,1
47,5,Fechado,0
47,6,Fechado,0
47,0,Fechado,0
47,1,13:00 a 16:00,1
48,2,06:00 a 18:00,1
48,3,06:00 a 18:00,1
48,4,06:00 a 18:00,1
48,5,06:00 a 18:00,1
48,6,06:00 a 18:00,1
48,0,06:00 a 18:00,1
48,1,06:00 a 18:00,1
49,2,11:00 a 19:00,1
49,3,11:00 a 19:00,1
49,4,11:00 a 19:00,1
49,5,11:00 a 19:00,1
49,6,11:00 a 19:00,1
49,0,11:00 a 19:00,1
49,1,Fechado,0
50,2,10:00 a 16:00,1
50,3,10:00 a 16:00,1
50,4,10:00 a 16:00,1
50,5,10:00 a 16:00,1
50,6,10:00 a 16:00,1
50,0,Fechado,0
50,1,10:00 a 16:00,1
51,2,10:00 a 17:30,1
51,3,10:00 a 17:30,1
51,4,10:00 a 17:30,1
51,5,Fechado,0
51,6,Fechado,0
51,0,Fechado,0
51,1,10:00 a 17:30,1
52,2,10:00 a 20:00,1
52,3,10:00 a 20:00,1
52,4,10:00 a 20:00,1
52,5,10:00 a 21:00,1
52,6,10:00 a 19:00,1
52,0,Fechado,0
52,1,10:00 a 20:00,1
53,2,10:00 a 21:00,1
53,3,10:00 a 21:00,1
53,4,10:00 a 21:00,1
53,5,10:00 a 21:00,1
53,6,10:00 a 21:00,1
53,0,Fechado,0
53,1,10:00 a 21:00,1
54,2,09:00 a 16:00,1
54,3,09:00 a 16:00,1
54,4,09:00 a 16:00,1
54,5,Fechado,0
54,6,Fechado,0
54,0,09:00 a 16:00,1
54,1,09:00 a 16:00,1
55,2,09:00 a 16:00,1
55,3,09:00 a 16:00,1
55,4,09:00 a 16:00,1
55,5,09:00 a 16:00,1
55,6,09:00 a 16:00,1
55,0,Fechado,0
55,1,09:00 a 16:00,1
56,2,09:00 a 16:30,1
56,3,09:00 a 16:30,1
56,4,09:00 a 16:30,1
56,5,09:00 a 16:30,1
56,6,09:00 a 16:30,1
56,0,Fechado,0
56,1,09:00 a 16:30,1
57,2,05:30 a 19:00,1
57,3,05:30 a 19:00,1
57,4,05:30 a 19:00,1
57,5,05:30 a 19:00,1
57,6,05:30 a 19:00,1
57,0,05:30 a 19:00,1
57,1,05:30 a 19:00,1
58,2,09:00 a 17:00,1
58,3,09:00 a 17:00,1
58,4,09:00 a 17:00,1
58,5,09:00 a 17:00,1
58,6,Fechado,0
58,0,09:00 a 17:00,1
58,1,09:00 a 17:00,1
59,2,09:00 a 17:00,1
59,3,09:00 a 17:00,1
59,4,09:00 a 17:00,1
59,5,09:00 a 17:00,1
59,6,09:00 a 17:00,1
59,0,Fechado,0
59,1,09:00 a 17:00,1
60,2,Atendimento 24 horas,1
60,3,Atendimento 24 horas,1
60,4,Atendimento 24 horas,1
60,5,Atendimento 24 horas,1
60,6,Atendimento 24 horas,1
60,0,Atendimento 24 horas,1
60,1,Atendimento 24 horas,1
62,2,10:00 a 18:00,1
62,3,10:00 a 18:00,1
62,4,10:00 a 18:00,1
62,5,10:00 a 18:00,1
62,6,10:00 a 18:00,1
62,0,Fechado,0
62,1,10:00 a 20:00,1
63,2,10:00 a 22:00,1
63,3,10:00 a 22:00,1
63,4,10:00 a 22:00,1
63,5,10:00 a 22:00,1
63,6,11:00 a 20:00,1
63,0,Fechado,0
63,1,10:00 a 22:00,1
64,2,09:00 a 17:00,1
64,3,09:00 a 17:00,1
64,4,09:00 a 17:00,1
64,5,09:00 a 17:00,1
64,6,09:00 a 17:00,1
64,0,Fechado,0
64,1,09:00 a 17:00,1
65,2,12:00 a 20:00,1
65,3,12:00 a 20:00,1
65,4,12:00 a 20:00,1
65,5,12:00 a 20:00,1
65,6,12:00 a 19:00,1
65,0,Fechado,0
65,1,Fechado,0
66,2,09:00 a 16:00,1
66,3,09:00 a 16:00,1
66,4,09:00 a 16:00,1
66,5,09:00 a 16:00,1
66,6,09:00 a 16:00,1
66,0,09:00 a 16:00,1
66,1,09:00 a 16:00,1
67,2,09:00 a 17:00,1
67,3,09:00 a 17:00,1
67,4,09:00 a 17:00,1
67,5,09:00 a 17:00,1
67,6,09:00 a 17:00,1
67,0,Fechado,0
67,1,09:00 a 17:00,1
68,2,09:00 a 16:30,1
68,3,09:00 a 16:30,1
68,4,09:00 a 16:30,1
68,5,09:00 a 16:30,1
68,6,09:00 a 16:30,1
68,0,Fechado,0
68,1,09:00 a 16:30,1
69,2,Fechado,0
69,3,Fechado,0
69,4,Fechado,0
69,5,Fechado,0
69,6,10:00 a 10:01,1
69,0,Fechado,0
69,1,Fechado,0
70,2,10:00 a 17:00,1
70,3,10:00 a 17:00,1
70,4,10:00 a 17:00,1
70,5,10:00 a 17:00,1
70,6,10:00 a 17:00,1
70,0,Fechado,0
70,1,10:00 a 17:00,1
71,2,09:00 a 17:00,1
71,3,09:00 a 17:00,1
71,4,09:00 a 17:00,1
71,5,09:00 a 17:00,1
71,6,09:00 a 17:00,1
71,0,Fechado,0
71,1,09:00 a 17:00,1
72,2,10:00 a 18:00,1
72,3,10:00 a 18:00,1
72,4,10:00 a 18:00,1
72,5,10:00 a 18:00,1
72,6,10:00 a 18:00,1
72,0,10:00 a 18:00,1
72,1,Fechado,0
73,2,09:00 a 18:00,1
73,3,09:00 a 18:00,1
73,4,09:00 a 18:00,1
73,5,09:00 a 18:00,1
73,6,09:00 a 18:00,1
73,0,Fechado,0
73,1,09:00 a 18:00,1
74,2,09:00 a 16:00,1
74,3,09:00 a 16:00,1
74,4,09:00 a 16:00,1
74,5,09:00 a 16:00,1
74,6,09:00 a 16:00,1
74,0,Fechado,0
74,1,09:00 a 16:00,1
75,2,Fechado,0
75,3,10:00 a 17:00,1
75,4,10:00 a 17:00,1
75,5,10:00 a 17:00,1
75,6,10:00 a 17:00,1
75,0,Fechado,0
75,1,Fechado,0
76,2,11:00 a 17:00,1
76,3,11:00 a 17:00,1
76,4,11:00 a 17:00,1
76,5,11:00 a 16:00,1
76,6,Fechado,0
76,0,Fechado,0
76,1,11:00 a 17:00,1
77,2,08:00 a 16:00,1
77,3,08:00 a 16:00,1
77,4,08:00 a 16:00,1
77,5,Fechado,0
77,6,Fechado,0
77,0,08:00 a 16:00,1
77,1,08:00 a 16:00,1
78,2,10:00 a 18:00,1
78,3,10:00 a 18:00,1
78,4,10:00 a 18:00,1
78,5,10:00 a 18:00,1
78,6,10:00 a 18:00,1
78,0,Fechado,0
78,1,10:00 a 18:00,1
79,2,10:00 a 20:00,1
79,3,10:00 a 20:00,1
79,4,10:00 a 20:00,1
79,5,10:00 a 20:00,1
79,6,10:00 a 20:00,1
79,0,Fechado,0
79,1,10:00 a 20:00,1
80,2,09:00 a 17:00,1
80,3,09:00 a 17:00,1
80,4,09:00 a 17:00,1
80,5,09:00 a 17:00,1
80,6,09:00 a 17:00,1
80,0,Fechado,0
80,1,09:00 a 17:00,1
81,2,09:00 a 17:00,1
81,3,09:00 a 17:00,1
81,4,09:00 a 17:00,1
81,5,09:00 a 17:00,1
81,6,09:00 a 17:00,1
81,0,Fechado,0
81,1,09:00 a 17:00,1
82,2,09:00 a 16:00,1
82,3,09:00 a 16:00,1
82,4,09:00 a 16:00,1
82,5,09:00 a 16:00,1
82,6,09:00 a 16:00,1
82,0,Fechado,0
82,1,09:00 a 16:00,1
83,2,13:00 a 17:00,1
83,3,13:00 a 17:00,1
83,4,13:00 a 17:00,1
83,5,Fechado,0
83,6,Fechado,0
83,0,Fechado,0
83,1,13:00 a 17:00,1
84,2,08:00 a 17:00,1
84,3,08:00 a 17:00,1
84,4,08:00 a 17:00,1
84,5,11:00 a 17:00,1
84,6,11:00 a 17:00,1
84,0,Fechado,0
84,1,08:00 a 17:00,1
85,2,"09:30 a 13:00, 14:00 a 17:30",1
85,3,"09:30 a 13:00, 14:00 a 17:30",1
85,4,"09:30 a 13:00, 14:00 a 17:30",1
85,5,"09:30 a 13:00, 14:00 a 17:30",1
85,6,"09:30 a 13:00, 14:00 a 17:30",1
85,0,Fechado,0
85,1,"09:30 a 13:00, 14:00 a 17:30",1
86,2,10:00 a 18:00,1
86,3,10:00 a 18:00,1
86,4,10:00 a 18:00,1
86,5,10:00 a 18:00,1
86,6,09:00 a 17:00,1
86,0,Fechado,0
86,1,10:00 a 18:00,1
87,2,10:00 a 17:00,1
87,3,10:00 a 17:00,1
87,4,10:00 a 17:00,1
87,5,10:00 a 17:00,1
87,6,10:00 a 17:00,1
87,0,Fechado,0
87,1,10:00 a 17:00,1
89,2,10:00 a 22:00,1
89,3,10:00 a 22:00,1
89,4,10:00 a 22:00,1
89,5,10:00 a 22:00,1
89,6,10:00 a 22:00,1
89,0,Fechado,0
89,1,10:00 a 22:00,1
90,2,10:00 a 17:00,1
90,3,10:00 a 17:00,1
90,4,10:00 a 17:00,1
90,5,Fechado,0
90,6,Fechado,0
90,0,10:00 a 17:00,1
90,1,10:00 a 17:00,1
91,2,10:00 a 18:30,1
91,3,10:00 a 18:30,1
91,4,10:00 a 18:30,1
91,5,10:00 a 18:30,1
91,6,10:00 a 18:30,1
91,0,Fechado,0
91,1,10:00 a 18:30,1
92,2,10:00 a 18:00,1
92,3,10:00 a 18:00,1
92,4,10:00 a 18:00,1
92,5,10:00 a 18:00,1
92,6,10:00 a 18:00,1
92,0,Fechado,0
92,1,10:00 a 18:00,1
93,2,10:00 a 19:00,1
93,3,10:00 a 19:00,1
93,4,10:00 a 19:00,1
93,5,10:00 a 17:00,1
93,6,Fechado,0
93,0,Fechado,0
93,1,10:00 a 19:00,1
94,2,10:00 a 21:00,1
94,3,10:00 a 21:00,1
94,4,10:00 a 21:00,1
94,5,10:00 a 21:00,1
94,6,10:00 a 21:00,1
94,0,Fechado,0
94,1,10:00 a 21:00,1
95,2,09:00 a 17:00,1
95,3,09:00 a 17:00,1
95,4,09:00 a 17:00,1
95,5,Fechado,0
95,6,Fechado,0
95,0,09:00 a 17:00,1
95,1,09:00 a 17:00,1
96,2,13:00 a 17:00,1
96,3,13:00 a 17:00,1
96,4,13:00 a 17:00,1
96,5,Fechado,0
96,6,Fechado,0
96,0,13:00 a 17:00,1
96,1,13:00 a 17:00,1
97,2,08:00 a 19:00,1
97,3,08:00 a 19:00,1
97,4,08:00 a 19:00,1
97,5,08:00 a 19:00,1
97,6,07:00 a 19:00,1
97,0,08:00 a 19:00,1
97,1,08:00 a 19:00,1
98,2,09:00 a 17:00,1
98,3,09:00 a 17:00,1
98,4,09:00 a 17:00,1
98,5,09:00 a 17:00,1
98,6,09:00 a 17:00,1
98,0,Fechado,0
98,1,09:00 a 17:00,1
99,2,09:00 a 17:00,1
99,3,09:00 a 17:00,1
99,4,09:00 a 17:00,1
99,5,09:00 a 17:00,1
99,6,09:00 a 17:00,1
99,0,Fechado,0
99,1,09:00 a 17:00,1
100,2,09:00 a 20:00,1
100,3,09:00 a 20:00,1
100,4,09:00 a 20:00,1
100,5,09:00 a 20:00,1
100,6,09:00 a 20:00,1
100,0,09:00 a 20:00,1
100,1,Fechado,0
102,2,10:00 a 22:00,1
102,3,10:00 a 22:00,1
102,4,10:00 a 22:00,1
102,5,10:00 a 22:00,1
102,6,10:00 a 18:00,1
102,0,Fechado,0
102,1,10:00 a 22:00,1
103,2,10:00 a 17:00,1
103,3,10:00 a 17:00,1
103,4,10:00 a 17:00,1
103,5,10:00 a 17:00,1
103,6,10:00 a 17:00,1
103,0,Fechado,0
103,1,10:00 a 17:00,1
105,2,10:00 a 19:00,1
105,3,10:00 a 19:00,1
105,4,10:00 a 19:00,1
105,5,10:00 a 19:00,1
105,6,10:00 a 19:00,1
105,0,Fechado,0
105,1,10:00 a 19:00,1
106,2,09:00 a 17:00,1
106,3,09:00 a 17:00,1
106,4,09:00 a 17:00,1
106,5,10:00 a 16:00,1
106,6,Fechado,0
106,0,09:00 a 17:00,1
106,1,Fechado,0
107,2,11:00 a 18:00,1
107,3,11:00 a 18:00,1
107,4,11:00 a 18:00,1
107,5,11:00 a 18:00,1
107,6,Fechado,0
107,0,Fechado,0
107,1,11:00 a 18:00,1
108,2,11:00 a 18:00,1
108,3,11:00 a 18:00,1
108,4,11:00 a 18:00,1
108,5,11:00 a 18:00,1
108,6,11:00 a 18:00,1
108,0,Fechado,0
108,1,11:00 a 17:00,1
109,2,09:00 a 17:00,1
109,3,09:00 a 17:00,1
109,4,09:00 a 17:00,1
109,5,09:00 a 15:00,1
109,6,Fechado,0
109,0,09:00 a 17:00,1
109,1,09:00 a 17:00,1
110,2,10:00 a 22:00,1
110,3,10:00 a 22:00,1
110,4,10:00 a 22:00,1
110,5,10:00 a 22:00,1
110,6,11:00 a 21:00,1
110,0,Fechado,0
110,1,10:00 a 22:00,1
111,2,Atendimento 24 horas,1
111,3,Atendimento 24 horas,1
111,4,Atendimento 24 horas,1
111,5,Atendimento 24 horas,1
111,6,Atendimento 24 horas,1
111,0,Atendimento 24 horas,1
111,1,Atendimento 24 horas,1
112,2,09:00 a 17:00,1
112,3,09:00 a 17:00,1
112,4,09:00 a 17:00,1
112,5,09:00 a 17:00,1
112,6,09:00 a 17:00,1
112,0,Fechado,0
112,1,09:00 a 17:00,1
113,2,08:00 a 17:00,1
113,3,08:00 a 17:00,1
113,4,08:00 a 17:00,1
113,5,08:00 a 17:00,1
113,6,08:00 a 17:00,1
113,0,Fechado,0
113,1,Fechado,0
114,2,Atendimento 24 horas,1
114,3,Atendimento 24 horas,1
114,4,Atendimento 24 horas,1
114,5,Atendimento 24 horas,1
114,6,Atendimento 24 horas,1
114,0,Atendimento 24 horas,1
114,1,Atendimento 24 horas,1
116,2,06:00 a 18:00,1
116,3,06:00 a 18:00,1
116,4,06:00 a 18:00,1
116,5,06:00 a 18:00,1
116,6,06:00 a 18:00,1
116,0,06:00 a 18:00,1
116,1,06:00 a 18:00,1
117,2,06:00 a 18:00,1
117,3,06:00 a 18:00,1
117,4,06:00 a 18:00,1
117,5,06:00 a 18:00,1
117,6,06:00 a 18:00,1
117,0,06:00 a 18:00,1
117,1,06:00 a 18:00,1
118,2,06:00 a 17:00,1
118,3,06:00 a 17:00,1
118,4,06:00 a 17:00,1
118,5,06:00 a 17:00,1
118,6,06:00 a 17:00,1
118,0,06:00 a 17:00,1
118,1,06:00 a 17:00,1
119,2,06:00 a 18:00,1
119,3,06:00 a 18:00,1
119,4,06:00 a 18:00,1
119,5,06:00 a 18:00,1
119,6,06:00 a 18:00,1
119,0,06:00 a 18:00,1
119,1,06:00 a 18:00,1
122,2,05:00 a 20:00,1
122,3,05:00 a 20:00,1
122,4,05:00 a 20:00,1
122,5,05:00 a 20:00,1
122,6,05:00 a 20:00,1
122,0,05:00 a 20:00,1
122,1,05:00 a 20:00,1
124,2,06:00 a 22:00,1
124,3,06:00 a 22:00,1
124,4,06:00 a 22:00,1
124,5,06:00 a 22:00,1
124,6,06:00 a 22:00,1
124,0,06:00 a 22:00,1
124,1,06:00 a 22:00,1
125,2,06:00 a 18:00,1
125,3,06:00 a 18:00,1
125,4,06:00 a 18:00,1
125,5,06:00 a 18:00,1
125,6,06:00 a 18:00,1
125,0,06:00 a 18:00,1
125,1,06:00 a 18:00,1
127,2,Atendimento 24 horas,1
127,3,Atendimento 24 horas,1
127,4,Atendimento 24 horas,1
127,5,Atendimento 24 horas,1
127,6,Atendimento 24 horas,1
127,0,Atendimento 24 horas,1
127,1,Atendimento 24 horas,1
128,2,05:30 a 20:00,1
128,3,05:30 a 20:00,1
128,4,05:30 a 20:00,1
128,5,05:30 a 20:00,1
128,6,05:30 a 20:00,1
128,0,05:30 a 20:00,1
128,1,05:30 a 20:00,1
130,2,07:00 a 18:00,1
130,3,07:00 a 18:00,1
130,4,07:00 a 18:00,1
130,5,07:00 a 18:00,1
130,6,07:00 a 18:00,1
130,0,07:00 a 18:00,1
130,1,07:00 a 18:00,1
132,2,06:00 a 16:00,1
132,3,06:00 a 16:00,1
132,4,06:00 a 16:00,1
132,5,06:00 a 17:30,1
132,6,06:00 a 17:30,1
132,0,06:00 a 16:00,1
132,1,06:00 a 16:00,1
133,2,06:00 a 18:00,1
133,3,06:00 a 18:00,1
133,4,06:00 a 18:00,1
133,5,06:00 a 18:00,1
133,6,06:00 a 18:00,1
133,0,06:00 a 18:00,1
133,1,06:00 a 18:00,1
134,2,06:00 a 18:00,1
134,3,06:00 a 18:00,1
134,4,06:00 a 18:00,1
134,5,06:00 a 18:00,1
134,6,06:00 a 18:00,1
134,0,06:00 a 18:00,1
134,1,06:00 a 18:00,1
135,2,08:00 a 17:00,1
135,3,08:00 a 17:00,1
135,4,08:00 a 17:00,1
135,5,08:00 a 17:00,1
135,6,08:00 a 17:00,1
135,0,Fechado,0
135,1,08:00 a 17:00,1
136,2,Atendimento 24 horas,1
136,3,Atendimento 24 horas,1
136,4,Atendimento 24 horas,1
136,5,Atendimento 24 horas,1
136,6,Atendimento 24 horas,1
136,0,Atendimento 24 horas,1
136,1,Atendimento 24 horas,1
137,2,07:00 a 18:00,1
137,3,07:00 a 18:00,1
137,4,07:00 a 18:00,1
137,5,07:00 a 18:00,1
137,6,07:00 a 18:00,1
137,0,07:00 a 18:00,1
137,1,07:00 a 18:00,1
138,2,Atendimento 24 horas,1
138,3,Atendimento 24 horas,1
138,4,Atendimento 24 horas,1
138,5,Atendimento 24 horas,1
138,6,Atendimento 24 horas,1
138,0,Atendimento 24 horas,1
138,1,Atendimento 24 horas,1
139,2,07:00 a 19:00,1
139,3,07:00 a 19:00,1
139,4,07:00 a 19:00,1
139,5,07:00 a 19:00,1
139,6,07:00 a 19:00,1
139,0,07:00 a 19:00,1
139,1,07:00 a 19:00,1
140,2,10:00 a 17:00,1
140,3,10:00 a 17:00,1
140,4,10:00 a 17:00,1
140,5,09:00 a 17:00,1
140,6,09:00 a 17:00,1
140,0,10:00 a 17:00,1
140,1,10:00 a 17:00,1
141,2,06:00 a 18:00,1
141,3,06:00 a 18:00,1
141,4,06:00 a 18:00,1
141,5,06:00 a 18:00,1
141,6,06:00 a 19:00,1
141,0,06:00 a 18:00,1
141,1,06:00 a 18:00,1
142,2,17:00 a 22:00,1
142,3,17:00 a 22:00,1
142,4,17:00 a 22:00,1
142,5,12:00 a 22:00,1
142,6,12:00 a 22:00,1
142,0,17:00 a 22:00,1
142,1,17:00 a 22:00,1
143,2,06:00 a 18:00,1
143,3,06:00 a 18:00,1
143,4,06:00 a 18:00,1
143,5,06:00 a 18:00,1
143,6,06:00 a 18:00,1
143,0,06:00 a 18:00,1
143,1,06:00 a 18:00,1
144,2,08:00 a 16:00,1
144,3,08:00 a 16:00,1
144,4,08:00 a 16:00,1
144,5,08:00 a 16:00,1
144,6,08:00 a 16:00,1
144,0,Fechado,0
144,1,Fechado,0
145,2,06:00 a 17:00,1
145,3,06:00 a 17:00,1
145,4,06:00 a 17:00,1
145,5,06:00 a 17:00,1
145,6,06:00 a 17:00,1
145,0,06:00 a 17:00,1
145,1,06:00 a 17:00,1
146,2,06:00 a 22:00,1
146,3,06:00 a 22:00,1
146,4,06:00 a 22:00,1
146,5,06:00 a 22:00,1
146,6,06:00 a 22:00,1
146,0,06:00 a 22:00,1
146,1,06:00 a 22:00,1
147,2,09:00 a 16:00,1
147,3,09:00 a 16:00,1
147,4,09:00 a 16:00,1
147,5,09:00 a 16:00,1
147,6,09:00 a 16:00,1
147,0,Fechado,0
147,1,09:00 a 16:00,1
148,2,06:00 a 18:00,1
148,3,06:00 a 18:00,1
148,4,06:00 a 18:00,1
148,5,06:00 a 18:00,1
148,6,06:00 a 18:00,1
148,0,06:00 a 18:00,1
148,1,06:00 a 18:00,1
149,2,06:00 a 18:00,1
149,3,06:00 a 18:00,1
149,4,06:00 a 18:00,1
149,5,06:00 a 18:00,1
149,6,06:00 a 18:00,1
149,0,06:00 a 18:00,1
149,1,06:00 a 18:00,1
150,2,07:00 a 17:00,1
150,3,07:00 a 17:00,1
150,4,07:00 a 17:00,1
150,5,07:00 a 17:00,1
150,6,07:00 a 17:00,1
150,0,Fechado,0
150,1,07:00 a 17:00,1
151,2,05:30 a 20:00,1
151,3,05:30 a 20:00,1
151,4,05:30 a 20:00,1
151,5,05:30 a 20:00,1
151,6,05:30 a 20:00,1
151,0,05:30 a 20:00,1
151,1,05:30 a 20:00,1
152,2,09:00 a 16:00,1
152,3,09:00 a 16:00,1
152,4,09:00 a 16:00,1
152,5,09:00 a 16:00,1
152,6,09:00 a 16:00,1
152,0,09:00 a 16:00,1
152,1,09:00 a 16:00,1
153,2,06:00 a 18:00,1
153,3,06:00 a 18:00,1
153,4,06:00 a 18:00,1
153,5,06:00 a 18:00,1
153,6,06:00 a 18:00,1
153,0,06:00 a 18:00,1
153,1,06:00 a 18:00,1
154,2,09:00 a 17:00,1
154,3,09:00 a 17:00,1
154,4,09:00 a 17:00,1
154,5,09:00 a 17:00,1
154,6,09:00 a 17:00,1
154,0,Fechado,0
154,1,09:00 a 17:00,1
156,2,06:00 a 18:00,1
156,3,06:00 a 18:00,1
156,4,06:00 a 18:00,1
156,5,06:00 a 18:00,1
156,6,06:00 a 18:00,1
156,0,06:00 a 18:00,1
156,1,06:00 a 18:00,1
157,2,Atendimento 24 horas,1
157,3,Atendimento 24 horas,1
157,4,Atendimento 24 horas,1
157,5,Atendimento 24 horas,1
157,6,Atendimento 24 horas,1
157,0,Atendimento 24 horas,1
157,1,Atendimento 24 horas,1
158,2,05:30 a 19:00,1
158,3,05:30 a 19:00,1
158,4,05:30 a 19:00,1
158,5,05:30 a 19:00,1
158,6,05:30 a 19:00,1
158,0,05:30 a 19:00,1
158,1,05:30 a 19:00,1
159,2,Atendimento 24 horas,1
159,3,Atendimento 24 horas,1
159,4,Atendimento 24 horas,1
159,5,Atendimento 24 horas,1
159,6,Atendimento 24 horas,1
159,0,Atendimento 24 horas,1
159,1,Atendimento 24 horas,1
160,2,07:00 a 18:00,1
160,3,07:00 a 18:00,1
160,4,07:00 a 18:00,1
160,5,07:00 a 18:00,1
160,6,07:00 a 18:00,1
160,0,07:00 a 18:00,1
160,1,07:00 a 18:00,1
161,2,07:00 a 17:00,1
161,3,07:00 a 17:00,1
161,4,07:00 a 17:00,1
161,5,07:00 a 17:00,1
161,6,07:00 a 17:00,1
161,0,Fechado,0
161,1,07:00 a 17:00,1
162,2,09:00 a 16:00,1
162,3,09:00 a 16:00,1
162,4,09:00 a 16:00,1
162,5,09:00 a 16:00,1
162,6,Fechado,0
162,0,09:00 a 16:00,1
162,1,09:00 a 16:00,1
163,2,07:00 a 17:00,1
163,3,07:00 a 17:00,1
163,4,07:00 a 17:00,1
163,5,07:00 a 17:00,1
163,6,07:00 a 17:00,1
163,0,Fechado,0
163,1,07:00 a 17:00,1
167,2,07:00 a 18:00,1
167,3,07:00 a 18:00,1
167,4,07:00 a 18:00,1
167,5,07:00 a 18:00,1
167,6,07:00 a 18:00,1
167,0,07:00 a 18:00,1
167,1,07:00 a 18:00,1
168,2,08:00 a 17:00,1
168,3,08:00 a 17:00,1
168,4,08:00 a 17:00,1
168,5,08:00 a 17:00,1
168,6,08:00 a 17:00,1
168,0,Fechado,0
168,1,08:00 a 17:00,1
169,2,06:00 a 20:00,1
169,3,06:00 a 20:00,1
169,4,06:00 a 20:00,1
169,5,06:00 a 20:00,1
169,6,06:00 a 20:00,1
169,0,06:00 a 20:00,1
169,1,06:00 a 20:00,1
170,2,06:00 a 22:00,1
170,3,06:00 a 22:00,1
170,4,06:00 a 22:00,1
170,5,06:00 a 22:00,1
170,6,06:00 a 22:00,1
170,0,06:00 a 22:00,1
170,1,06:00 a 22:00,1
171,2,09:00 a 17:00,1
171,3,09:00 a 17:00,1
171,4,09:00 a 17:00,1
171,5,09:00 a 17:00,1
171,6,09:00 a 17:00,1
171,0,Fechado,0
171,1,09:00 a 17:00,1
172,2,08:00 a 17:00,1
172,3,08:00 a 17:00,1
172,4,08:00 a 17:00,1
172,5,08:00 a 17:00,1
172,6,08:00 a 17:00,1
172,0,Fechado,0
172,1,08:00 a 17:00,1
173,2,06:00 a 18:00,1
173,3,06:00 a 18:00,1
173,4,06:00 a 18:00,1
173,5,06:00 a 18:00,1
173,6,06:00 a 18:00,1
173,0,06:00 a 18:00,1
173,1,06:00 a 18:00,1
174,2,08:00 a 17:00,1
174,3,08:00 a 17:00,1
174,4,08:00 a 17:00,1
174,5,08:00 a 17:00,1
174,6,08:00 a 17:00,1
174,0,Fechado,0
174,1,08:00 a 17:00,1
175,2,06:00 a 18:00,1
175,3,06:00 a 18:00,1
175,4,06:00 a 18:00,1
175,5,06:00 a 18:00,1
175,6,06:00 a 18:00,1
175,0,06:00 a 18:00,1
175,1,06:00 a 18:00,1
176,2,Atendimento 24 horas,1
176,3,Atendimento 24 horas,1
176,4,Atendimento 24 horas,1
176,5,Atendimento 24 horas,1
176,6,Atendimento 24 horas,1
176,0,Atendimento 24 horas,1
176,1,Atendimento 24 horas,1
177,2,Atendimento 24 horas,1
177,3,Atendimento 24 horas,1
177,4,Atendimento 24 horas,1
177,5,Atendimento 24 horas,1
177,6,Atendimento 24 horas,1
177,0,Atendimento 24 horas,1
177,1,Atendimento 24 horas,1
178,2,06:00 a 18:00,1
178,3,06:00 a 18:00,1
178,4,06:00 a 18:00,1
178,5,06:00 a 18:00,1
178,6,06:00 a 18:00,1
178,0,06:00 a 18:00,1
178,1,06:00 a 18:00,1
179,2,08:00 a 17:00,1
179,3,08:00 a 17:00,1
179,4,08:00 a 17:00,1
179,5,08:00 a 17:00,1
179,6,08:00 a 17:00,1
179,0,Fechado,0
179,1,08:00 a 17:00,1
180,2,09:00 a 12:00,1
180,3,09:00 a 12:00,1
180,4,09:00 a 12:00,1
180,5,Fechado,0
180,6,Fechado,0
180,0,09:00 a 12:00,1
180,1,09:00 a 12:00,1
181,2,06:00 a 18:00,1
181,3,06:00 a 18:00,1
181,4,06:00 a 18:00,1
181,5,06:00 a 18:00,1
181,6,06:00 a 18:00,1
181,0,06:00 a 18:00,1
181,1,06:00 a 18:00,1
183,2,07:00 a 18:00,1
183,3,07:00 a 18:00,1
183,4,07:00 a 18:00,1
183,5,07:00 a 18:00,1
183,6,07:00 a 18:00,1
183,0,07:00 a 18:00,1
183,1,07:00 a 18:00,1
184,2,08:00 a 18:00,1
184,3,08:00 a 18:00,1
184,4,08:00 a 18:00,1
184,5,08:00 a 18:00,1
184,6,08:00 a 18:00,1
184,0,Fechado,0
184,1,08:00 a 18:00,1
185,2,07:00 a 18:00,1
185,3,07:00 a 18:00,1
185,4,07:00 a 18:00,1
185,5,07:00 a 18:00,1
185,6,07:00 a 18:00,1
185,0,07:00 a 18:00,1
185,1,07:00 a 18:00,1
186,2,06:00 a 18:00,1
186,3,06:00 a 18:00,1
186,4,06:00 a 18:00,1
186,5,06:00 a 18:00,1
186,6,06:00 a 18:00,1
186,0,06:00 a 18:00,1
186,1,06:00 a 18:00,1
187,2,09:00 a 17:00,1
187,3,09:00 a 17:00,1
187,4,09:00 a 17:00,1
187,5,09:00 a 17:00,1
187,6,09:00 a 17:00,1
187,0,Fechado,0
187,1,Fechado,0
188,2,05:00 a 00:00,1
188,3,05:00 a 00:00,1
188,4,05:00 a 00:00,1
188,5,05:00 a 00:00,1
188,6,05:00 a 00:00,1
188,0,05:00 a 00:00,1
188,1,05:00 a 00:00,1
189,2,05:30 a 18:00,1
189,3,05:30 a 18:00,1
189,4,05:30 a 18:00,1
189,5,05:30 a 18:00,1
189,6,05:30 a 18:00,1
189,0,05:30 a 18:00,1
189,1,05:30 a 18:00,1
190,2,08:00 a 17:00,1
190,3,08:00 a 17:00,1
190,4,08:00 a 17:00,1
190,5,08:00 a 17:00,1
190,6,08:00 a 17:00,1
190,0,Fechado,0
190,1,08:00 a 17:00,1
193,2,06:00 a 18:00,1
193,3,06:00 a 18:00,1
193,4,06:00 a 18:00,1
193,5,06:00 a 18:00,1
193,6,06:00 a 18:00,1
193,0,06:00 a 18:00,1
193,1,06:00 a 18:00,1
194,2,08:00 a 14:00,1
194,3,08:00 a 14:00,1
194,4,08:00 a 14:00,1
194,5,08:00 a 14:00,1
194,6,08:00 a 14:00,1
194,0,Fechado,0
194,1,Fechado,0
196,2,06:00 a 19:00,1
196,3,06:00 a 19:00,1
196,4,06:00 a 19:00,1
196,5,06:00 a 19:00,1
196,6,06:00 a 19:00,1
196,0,06:00 a 19:00,1
196,1,06:00 a 19:00,1
198,2,06:00 a 18:00,1
198,3,06:00 a 18:00,1
198,4,06:00 a 18:00,1
198,5,06:00 a 18:00,1
198,6,06:00 a 18:00,1
198,0,06:00 a 18:00,1
198,1,06:00 a 18:00,1
199,2,07:00 a 19:00,1
199,3,07:00 a 19:00,1
199,4,07:00 a 19:00,1
199,5,07:00 a 19:00,1
199,6,07:00 a 19:00,1
199,0,07:00 a 19:00,1
199,1,07:00 a 19:00,1
200,2,06:00 a 18:00,1
200,3,06:00 a 18:00,1
200,4,06:00 a 18:00,1
200,5,06:00 a 18:00,1
200,6,06:00 a 18:00,1
200,0,06:00 a 18:00,1
200,1,06:00 a 18:00,1
202,2,08:00 a 17:00,1
202,3,08:00 a 17:00,1
202,4,08:00 a 17:00,1
202,5,08:00 a 17:00,1
202,6,08:00 a 17:00,1
202,0,Fechado,0
202,1,08:00 a 17:00,1
203,2,06:00 a 18:00,1
203,3,06:00 a 18:00,1
203,4,06:00 a 18:00,1
203,5,06:00 a 18:00,1
203,6,06:00 a 18:00,1
203,0,06:00 a 18:00,1
203,1,06:00 a 18:00,1
204,2,05:00 a 20:00,1
204,3,05:00 a 20:00,1
204,4,05:00 a 20:00,1
204,5,05:00 a 20:00,1
204,6,05:00 a 20:00,1
204,0,05:00 a 20:00,1
204,1,05:00 a 20:00,1
205,2,06:00 a 18:00,1
205,3,06:00 a 18:00,1
205,4,06:00 a 18:00,1
205,5,06:00 a 18:00,1
205,6,06:00 a 18:00,1
205,0,06:00 a 18:00,1
205,1,06:00 a 18:00,1
207,2,20:00 a 02:00,1
207,3,20:00 a 02:00,1
207,4,20:00 a 02:00,1
207,5,"14:00 a 20:00, 22:00 a 03:00",1
207,6,18:00 a 00:00,1
207,0,20:00 a 02:00,1
207,1,20:00 a 02:00,1
208,2,17:00 a 01:00,1
208,3,17:00 a 03:30,1
208,4,17:00 a 03:30,1
208,5,13:00 a 03:30,1
208,6,13:00 a 03:30,1
208,0,Fechado,0
208,1,Fechado,0
209,2,Fechado,0
209,3,Fechado,0
209,4,22:00 a 05:00,1
209,5,22:00 a 05:00,1
209,6,22:00 a 05:00,1
209,0,22:00 a 05:00,1
209,1,Fechado,0
210,2,Fechado,0
210,3,22:00 a 05:00,1
210,4,22:00 a 05:00,1
210,5,22:00 a 05:00,1
210,6,22:00 a 05:00,1
210,0,Fechado,0
210,1,Fechado,0
211,2,12:00 a 23:00,1
211,3,12:00 a 23:00,1
211,4,12:00 a 02:00,1
211,5,12:00 a 02:00,1
211,6,12:00 a 20:00,1
211,0,Fechado,0
211,1,12:00 a 23:00,1
212,2,19:00 a 00:00,1
212,3,19:00 a 00:00,1
212,4,19:00 a 04:00,1
212,5,19:00 a 04:00,1
212,6,Fechado,0
212,0,Fechado,0
212,1,Fechado,0
213,2,Fechado,0
213,3,Fechado,0
213,4,22:00 a 04:00,1
213,5,22:00 a 04:00,1
213,6,Fechado,0
213,0,Fechado,0
213,1,Fechado,0
214,2,Fechado,0
214,3,23:30 a 06:00,1
214,4,23:30 a 06:00,1
214,5,23:30 a 06:00,1
214,6,23:30 a 06:00,1
214,0,Fechado,0
214,1,Fechado,0
215,2,19:00 a 06:00,1
215,3,19:00 a 06:00,1
215,4,19:00 a 06:00,1
215,5,19:00 a 06:00,1
215,6,Fechado,0
215,0,19:00 a 06:00,1
215,1,19:00 a 06:00,1
216,2,20:00 a 04:00,1
216,3,20:00 a 04:00,1
216,4,20:00 a 04:00,1
216,5,20:00 a 04:00,1
216,6,Fechado,0
216,0,20:00 a 04:00,1
216,1,20:00 a 04:00,1
217,2,21:00 a 05:00,1
217,3,21:00 a 05:00,1
217,4,21:00 a 05:00,1
217,5,21:00 a 05:00,1
217,6,19:00 a 02:00,1
217,0,Fechado,0
217,1,21:00 a 05:00,1
218,2,10:00 a 02:00,1
218,3,10:00 a 02:00,1
218,4,09:00 a 02:30,1
218,5,09:00 a 02:30,1
218,6,10:00 a 02:00,1
218,0,Fechado,0
218,1,10:00 a 02:00,1
219,2,Fechado,0
219,3,18:00 a 01:00,1
219,4,17:30 a 04:00,1
219,5,12:00 a 04:00,1
219,6,Fechado,0
219,0,Fechado,0
219,1,Fechado,0
220,2,Fechado,0
220,3,Fechado,0
220,4,22:00 a 05:00,1
220,5,Fechado,0
220,6,Fechado,0
220,0,Fechado,0
220,1,Fechado,0
221,2,Fechado,0
221,3,21:00 a 05:00,1
221,4,23:00 a 05:00,1
221,5,23:00 a 05:00,1
221,6,22:00 a 05:00,1
221,0,Fechado,0
221,1,Fechado,0
222,2,08:00 a 04:00,1
222,3,08:00 a 04:00,1
222,4,08:00 a 04:00,1
222,5,08:00 a 04:00,1
222,6,08:00 a 04:00,1
222,0,08:00 a 04:00,1
222,1,08:00 a 04:00,1
224,2,Fechado,0
224,3,Fechado,0
224,4,Fechado,0
224,5,22:30 a 05:00,1
224,6,Fechado,0
224,0,Fechado,0
224,1,Fechado,0
225,2,00:00 a 05:00,1
225,3,23:00 a 05:00,1
225,4,23:00 a 05:00,1
225,5,23:00 a 05:00,1
225,6,Fechado,0
225,0,23:00 a 05:00,1
225,1,Fechado,0
226,2,Fechado,0
226,3,20:00 a 03:00,1
226,4,22:00 a 05:00,1
226,5,22:00 a 06:00,1
226,6,Fechado,0
226,0,22:00 a 05:00,1
226,1,Fechado,0
227,2,11:00 a 06:00,1
227,3,11:00 a 06:00,1
227,4,11:00 a 06:00,1
227,5,11:00 a 06:00,1
227,6,11:00 a 06:00,1
227,0,11:00 a 06:00,1
227,1,11:00 a 06:00,1
228,2,12:00 a 04:00,1
228,3,12:00 a 04:00,1
228,4,12:00 a 04:00,1
228,5,18:00 a 04:00,1
228,6,Fechado,0
228,0,12:00 a 04:00,1
228,1,12:00 a 04:00,1
229,2,Fechado,0
229,3,Fechado,0
229,4,22:00 a 05:00,1
229,5,22:00 a 05:00,1
229,6,22:00 a 05:00,1
229,0,Fechado,0
229,1,Fechado,0
230,2,Fechado,0
230,3,Atendimento 24 horas,1
230,4,Atendimento 24 horas,1
230,5,Atendimento 24 horas,1
230,6,Atendimento 24 horas,1
230,0,Fechado,0
230,1,Fechado,0
231,2,17:00 a 05:00,1
231,3,15:00 a 05:00,1
231,4,17:00 a 05:00,1
231,5,13:00 a 05:00,1
231,6,14:00 a 03:00,1
231,0,Fechado,0
231,1,Fechado,0
232,2,Fechado,0
232,3,Fechado,0
232,4,Fechado,0
232,5,22:00 a 05:30,1
232,6,Fechado,0
232,0,Fechado,0
232,1,Fechado,0
233,2,Fechado,0
233,3,Fechado,0
233,4,22:00 a 05:00,1
233,5,22:00 a 05:00,1
233,6,Fechado,0
233,0,Fechado,0
233,1,Fechado,0
234,2,Fechado,0
234,3,21:00 a 05:00,1
234,4,21:00 a 06:00,1
234,5,20:00 a 06:00,1
234,6,19:00 a 04:30,1
234,0,Fechado,0
234,1,Fechado,0
235,2,Fechado,0
235,3,Fechado,0
235,4,22:00 a 05:00,1
235,5,22:00 a 05:00,1
235,6,Fechado,0
235,0,Fechado,0
235,1,Fechado,0
237,2,Fechado,0
237,3,17:00 a 05:00,1
237,4,17:00 a 05:00,1
237,5,17:00 a 05:00,1
237,6,17:00 a 05:00,1
237,0,Fechado,0
237,1,Fechado,0
238,2,Fechado,0
238,3,Fechado,0
238,4,18:00 a 01:00,1
238,5,17:00 a 01:00,1
238,6,Fechado,0
238,0,Fechado,0
238,1,Fechado,0
239,2,21:00 a 04:20,1
239,3,21:00 a 04:20,1
239,4,21:00 a 04:20,1
239,5,21:00 a 04:20,1
239,6,21:00 a 04:20,1
239,0,21:00 a 04:20,1
239,1,21:00 a 04:20,1
240,2,19:00 a 04:00,1
240,3,20:00 a 04:00,1
240,4,20:00 a 04:00,1
240,5,13:00 a 00:00,1
240,6,13:00 a 00:00,1
240,0,Fechado,0
240,1,Fechado,0
242,2,08:00 a 19:00,1
242,3,08:00 a 19:00,1
242,4,08:00 a 19:00,1
242,5,08:00 a 19:00,1
242,6,Fechado,0
242,0,Fechado,0
242,1,08:00 a 19:00,1
243,2,Fechado,0
243,3,Fechado,0
243,4,22:00 a 05:00,1
243,5,22:00 a 05:00,1
243,6,Fechado,0
243,0,Fechado,0
243,1,Fechado,0
244,2,11:00 a 05:00,1
244,3,11:00 a 05:00,1
244,4,11:00 a 05:00,1
244,5,11:00 a 05:00,1
244,6,Fechado,0
244,0,11:00 a 05:00,1
244,1,11:00 a 05:00,1
245,2,Fechado,0
245,3,22:00 a 04:00,1
245,4,22:00 a 05:00,1
245,5,22:00 a 05:00,1
245,6,Fechado,0
245,0,Fechado,0
245,1,Fechado,0
246,2,10:00 a 19:00,1
246,3,10:00 a 19:00,1
246,4,10:00 a 19:00,1
246,5,12:00 a 05:00,1
246,6,Fechado,0
246,0,Fechado,0
246,1,10:00 a 19:00,1
247,2,Fechado,0
247,3,Fechado,0
247,4,22:00 a 04:30,1
247,5,22:00 a 04:30,1
247,6,16:00 a 23:00,1
247,0,Fechado,0
247,1,Fechado,0
248,2,23:00 a 05:00,1
248,3,23:00 a 05:00,1
248,4,23:00 a 05:00,1
248,5,23:00 a 05:00,1
248,6,Fechado,0
248,0,Fechado,0
248,1,Fechado,0
249,2,09:30 a 20:00,1
249,3,09:30 a 20:00,1
249,4,09:30 a 20:00,1
249,5,09:30 a 18:30,1
249,6,Fechado,0
249,0,Fechado,0
249,1,09:30 a 20:00,1
250,2,Fechado,0
250,3,22:00 a 04:00,1
250,4,22:00 a 04:00,1
250,5,22:00 a 04:00,1
250,6,21:30 a 03:00,1
250,0,21:00 a 04:00,1
250,1,Fechado,0
251,2,Fechado,0
251,3,18:00 a 03:00,1
251,4,18:00 a 05:30,1
251,5,18:00 a 05:30,1
251,6,18:00 a 05:00,1
251,0,Fechado,0
251,1,Fechado,0
252,2,15:00 a 04:00,1
252,3,15:00 a 04:00,1
252,4,15:00 a 04:00,1
252,5,15:00 a 04:00,1
252,6,Fechado,0
252,0,15:00 a 04:00,1
252,1,15:00 a 04:00,1
253,2,14:00 a 23:00,1
253,3,Fechado,0
253,4,15:00 a 02:00,1
253,5,19:00 a 04:00,1
253,6,15:00 a 23:30,1
253,0,14:00 a 23:00,1
253,1,Fechado,0
254,2,11:30 a 23:30,1
254,3,11:30 a 23:30,1
254,4,11:30 a 02:00,1
254,5,11:30 a 02:00,1
254,6,11:30 a 02:00,1
254,0,11:30 a 15:30,1
254,1,11:30 a 15:30,1
256,2,Atendimento 24 horas,1
256,3,Atendimento 24 horas,1
256,4,Atendimento 24 horas,1
256,5,Atendimento 24 horas,1
256,6,Atendimento 24 horas,1
256,0,Atendimento 24 horas,1
256,1,Atendimento 24 horas,1
257,2,20:30 a 01:30,1
257,3,20:30 a 01:30,1
257,4,20:30 a 01:30,1
257,5,21:00 a 01:30,1
257,6,Fechado,0
257,0,Fechado,0
257,1,20:30 a 01:30,1
258,2,Atendimento 24 horas,1
258,3,Atendimento 24 horas,1
258,4,Atendimento 24 horas,1
258,5,Atendimento 24 horas,1
258,6,12:00 a 00:00,1
258,0,Atendimento 24 horas,1
258,1,Atendimento 24 horas,1
259,2,18:00 a 00:00,1
259,3,18:00 a 02:00,1
259,4,18:00 a 02:00,1
259,5,18:00 a 02:00,1
259,6,18:00 a 00:30,1
259,0,Fechado,0
259,1,Fechado,0
261,2,Fechado,0
261,3,17:00 a 04:00,1
261,4,17:00 a 05:00,1
261,5,12:00 a 05:00,1
261,6,12:00 a 02:00,1
261,0,Fechado,0
261,1,18:00 a 04:00,1
262,2,Fechado,0
262,3,19:30 a 23:30,1
262,4,22:00 a 05:00,1
262,5,22:00 a 05:00,1
262,6,Fechado,0
262,0,Fechado,0
262,1,19:30 a 23:30,1
263,2,19:00 a 05:00,1
263,3,19:00 a 05:00,1
263,4,19:00 a 05:00,1
263,5,19:00 a 05:00,1
263,6,19:00 a 05:00,1
263,0,Fechado,0
263,1,Fechado,0
264,2,Fechado,0
264,3,Fechado,0
264,4,22:00 a 05:00,1
264,5,22:00 a 05:00,1
264,6,Fechado,0
264,0,Fechado,0
264,1,Fechado,0
265,2,Fechado,0
265,3,Fechado,0
265,4,"00:00 a 05:00, 23:00 a 05:00",1
265,5,23:00 a 05:00,1
265,6,23:00 a 00:00,1
265,0,Fechado,0
265,1,Fechado,0
267,2,18:00 a 06:00,1
267,3,18:00 a 06:00,1
267,4,18:00 a 06:00,1
267,5,18:00 a 06:00,1
267,6,18:00 a 06:00,1
267,0,18:00 a 06:00,1
267,1,18:00 a 06:00,1
268,2,14:00 a 04:00,1
268,3,14:00 a 04:00,1
268,4,14:00 a 04:00,1
268,5,14:00 a 04:00,1
268,6,Fechado,0
268,0,14:00 a 04:00,1
268,1,14:00 a 04:00,1
271,2,Fechado,0
271,3,Fechado,0
271,4,19:00 a 02:00,1
271,5,19:00 a 03:00,1
271,6,15:00 a 22:00,1
271,0,Fechado,0
271,1,Fechado,0
272,2,19:30 a 23:30,1
272,3,20:00 a 01:30,1
272,4,21:00 a 04:00,1
272,5,21:00 a 04:00,1
272,6,Fechado,0
272,0,Fechado,0
272,1,Fechado,0
273,2,Fechado,0
273,3,Fechado,0
273,4,21:00 a 03:00,1
273,5,14:00 a 03:00,1
273,6,16:00 a 23:00,1
273,0,Fechado,0
273,1,20:00 a 02:00,1
274,2,Fechado,0
274,3,Fechado,0
274,4,22:30 a 05:45,1
274,5,22:30 a 05:45,1
274,6,Fechado,0
274,0,Fechado,0
274,1,Fechado,0
275,2,12:00 a 21:00,1
275,3,12:00 a 21:00,1
275,4,12:00 a 21:00,1
275,5,12:00 a 21:00,1
275,6,Fechado,0
275,0,12:00 a 21:00,1
275,1,12:00 a 21:00,1
276,2,Fechado,0
276,3,Fechado,0
276,4,23:00 a 06:00,1
276,5,23:00 a 06:00,1
276,6,Fechado,0
276,0,Fechado,0
276,1,Fechado,0
278,2,Atendimento 24 horas,1
278,3,Atendimento 24 horas,1
278,4,Atendimento 24 horas,1
278,5,Atendimento 24 horas,1
278,6,Atendimento 24 horas,1
278,0,Atendimento 24 horas,1
278,1,Atendimento 24 horas,1
279,2,Fechado,0
279,3,20:00 a 00:00,1
279,4,Fechado,0
279,5,12:00 a 16:30,1
279,6,Fechado,0
279,0,Fechado,0
279,1,Fechado,0
280,2,Fechado,0
280,3,Fechado,0
280,4,Fechado,0
280,5,Fechado,0
280,6,Fechado,0
280,0,Fechado,0
280,1,23:00 a 05:00,1
281,2,13:00 a 05:00,1
281,3,13:00 a 05:00,1
281,4,13:00 a 05:00,1
281,5,13:00 a 05:00,1
281,6,13:00 a 05:00,1
281,0,13:00 a 05:00,1
281,1,13:00 a 05:00,1
282,2,20:00 a 05:00,1
282,3,19:00 a 04:00,1
282,4,18:00 a 05:00,1
282,5,12:00 a 05:00,1
282,6,12:00 a 05:00,1
282,0,Fechado,0
282,1,Fechado,0
283,2,21:00 a 05:00,1
283,3,21:00 a 05:00,1
283,4,18:00 a 06:00,1
283,5,18:00 a 06:00,1
283,6,17:00 a 05:00,1
283,0,Fechado,0
283,1,20:00 a 05:00,1
284,2,Fechado,0
284,3,Fechado,0
284,4,22:00 a 05:00,1
284,5,22:00 a 05:00,1
284,6,18:00 a 00:00,1
284,0,22:00 a 04:30,1
284,1,Fechado,0
285,2,08:00 a 19:00,1
285,3,08:00 a 19:00,1
285,4,08:00 a 18:00,1
285,5,08:00 a 17:00,1
285,6,Fechado,0
285,0,08:00 a 19:00,1
285,1,08:00 a 19:00,1
288,2,Atendimento 24 horas,1
288,3,Atendimento 24 horas,1
288,4,Atendimento 24 horas,1
288,5,Atendimento 24 horas,1
288,6,Atendimento 24 horas,1
288,0,Atendimento 24 horas,1
288,1,Atendimento 24 horas,1
289,2,Fechado,0
289,3,Fechado,0
289,4,Fechado,0
289,5,19:00 a 23:00,1
289,6,Fechado,0
289,0,Fechado,0
289,1,Fechado,0
290,2,Fechado,0
290,3,Fechado,0
290,4,Fechado,0
290,5,22:00 a 06:30,1
290,6,Fechado,0
290,0,Fechado,0
290,1,Fechado,0
291,2,Fechado,0
291,3,20:00 a 05:00,1
291,4,22:00 a 05:00,1
291,5,22:00 a 05:00,1
291,6,Fechado,0
291,0,Fechado,0
291,1,22:00 a 05:00,1
292,2,21:30 a 05:30,1
292,3,21:30 a 05:30,1
292,4,21:30 a 05:30,1
292,5,21:30 a 05:30,1
292,6,21:30 a 05:30,1
292,0,Fechado,0
292,1,Fechado,0
293,2,Fechado,0
293,3,19:00 a 02:00,1
293,4,18:00 a 03:30,1
293,5,18:00 a 03:30,1
293,6,Fechado,0
293,0,Fechado,0
293,1,Fechado,0
294,2,Atendimento 24 horas,1
294,3,18:00 a 00:00,1
294,4,18:00 a 00:00,1
294,5,18:00 a 00:00,1
294,6,18:00 a 00:00,1
294,0,Fechado,0
294,1,Fechado,0
295,2,18:00 a 06:00,1
295,3,18:00 a 06:00,1
295,4,18:00 a 06:00,1
295,5,18:00 a 06:00,1
295,6,18:00 a 06:00,1
295,0,Fechado,0
295,1,18:00 a 06:00,1
296,2,Atendimento 24 horas,1
296,3,Atendimento 24 horas,1
296,4,Atendimento 24 horas,1
296,5,Atendimento 24 horas,1
296,6,Atendimento 24 horas,1
296,0,Atendimento 24 horas,1
296,1,Atendimento 24 horas,1
297,2,19:30 a 02:00,1
297,3,19:30 a 02:00,1
297,4,19:30 a 04:00,1
297,5,19:30 a 04:00,1
297,6,Fechado,0
297,0,Fechado,0
297,1,Fechado,0
298,2,20:00 a 05:00,1
298,3,20:00 a 05:00,1
298,4,20:00 a 06:00,1
298,5,20:00 a 06:00,1
298,6,20:00 a 05:00,1
298,0,20:00 a 05:00,1
298,1,20:00 a 05:00,1
299,2,16:00 a 00:00,1
299,3,16:00 a 00:00,1
299,4,16:00 a 00:00,1
299,5,11:00 a 23:00,1
299,6,14:00 a 22:00,1
299,0,Fechado,0
299,1,16:00 a 00:00,1
300,2,Fechado,0
300,3,Fechado,0
300,4,Fechado,0
300,5,22:00 a 05:00,1
300,6,Fechado,0
300,0,Fechado,0
300,1,Fechado,0
301,2,Fechado,0
301,3,18:00 a 00:00,1
301,4,18:00 a 00:00,1
301,5,18:00 a 00:00,1
301,6,18:00 a 00:00,1
301,0,Fechado,0
301,1,Fechado,0
302,2,19:00 a 05:00,1
302,3,19:00 a 05:00,1
302,4,19:00 a 05:00,1
302,5,19:00 a 05:00,1
302,6,19:00 a 05:00,1
302,0,19:00 a 05:00,1
302,1,19:00 a 05:00,1
303,2,Fechado,0
303,3,Fechado,0
303,4,Atendimento 24 horas,1
303,5,Atendimento 24 horas,1
303,6,16:00 a 00:00,1
303,0,Fechado,0
303,1,Fechado,0
304,2,13:00 a 17:00,1
304,3,Atendimento 24 horas,1
304,4,Atendimento 24 horas,1
304,5,Atendimento 24 horas,1
304,6,Fechado,0
304,0,13:00 a 17:00,1
304,1,13:00 a 17:00,1
305,2,20:30 a 05:00,1
305,3,20:30 a 05:00,1
305,4,20:30 a 05:00,1
305,5,20:30 a 05:00,1
305,6,20:00 a 05:00,1
305,0,Fechado,0
305,1,20:30 a 05:00,1
306,2,16:00 a 08:00,1
306,3,16:00 a 08:00,1
306,4,16:00 a 08:00,1
306,5,16:00 a 08:00,1
306,6,17:00 a 05:00,1
306,0,17:00 a 05:00,1
306,1,16:00 a 08:00,1
307,2,Fechado,0
307,3,19:30 a 01:00,1
307,4,19:30 a 02:00,1
307,5,19:30 a 02:00,1
307,6,Fechado,0
307,0,Fechado,0
307,1,Fechado,0
309,2,Fechado,0
309,3,Fechado,0
309,4,Fechado,0
309,5,23:00 a 04:00,1
309,6,Fechado,0
309,0,Fechado,0
309,1,Fechado,0
310,2,16:00 a 04:00,1
310,3,16:00 a 04:00,1
310,4,16:00 a 05:00,1
310,5,16:00 a 04:00,1
310,6,Fechado,0
310,0,18:00 a 04:00,1
310,1,18:00 a 04:00,1
311,2,Fechado,0
311,3,16:00 a 22:00,1
311,4,22:00 a 05:00,1
311,5,22:00 a 05:00,1
311,6,16:00 a 22:00,1
311,0,Fechado,0
311,1,Fechado,0
312,6,Fechado,0
312,0,Fechado,0
312,1,Fechado,0
312,2,Fechado,0
312,3,Fechado,0
312,4,Fechado,0
312,5,06:00 a 14:30,1
313,6,08:00 a 17:00,1
313,0,Fechado,0
313,1,Fechado,0
313,2,08:00 a 17:00,1
313,3,08:00 a 17:00,1
313,4,08:00 a 17:00,1
313,5,Fechado,0
314,6,08:00 a 17:00,1
314,0,Fechado,0
314,1,Fechado,0
314,2,Fechado,0
314,3,Fechado,0
314,4,Fechado,0
314,5,08:00 a 17:00,1
315,6,Fechado,0
315,0,09:00 a 16:30,1
315,1,09:00 a 16:30,1
315,2,09:00 a 16:30,1
315,3,09:00 a 16:30,1
315,4,09:00 a 16:30,1
315,5,09:00 a 13:00,1
317,6,10:00 a 17:00,1
317,0,Fechado,0
317,1,Fechado,0
317,2,Fechado,0
317,3,Fechado,0
317,4,Fechado,0
317,5,Fechado,0
319,6,10:00 a 17:30,1
319,0,Fechado,0
319,1,Fechado,0
319,2,Fechado,0
319,3,Fechado,0
319,4,Fechado,0
319,5,Fechado,0
323,6,11:00 a 20:00,1
323,0,Fechado,0
323,1,Fechado,0
323,2,Fechado,0
323,3,Fechado,0
323,4,Fechado,0
323,5,10:00 a 20:00,1
325,6,Fechado,0
325,0,10:00 a 19:00,1
325,1,10:00 a 19:00,1
325,2,10:00 a 19:00,1
325,3,10:00 a 19:00,1
325,4,10:00 a 19:00,1
325,5,10:00 a 14:00,1
326,6,08:00 a 18:00,1
326,0,Fechado,0
326,1,Fechado,0
326,2,Fechado,0
326,3,Fechado,0
326,4,Fechado,0
326,5,Fechado,0
327,6,11:00 a 19:30,1
327,0,Fechado,0
327,1,Fechado,0
327,2,Fechado,0
327,3,Fechado,0
327,4,Fechado,0
327,5,Fechado,0
328,6,Fechado,0
328,0,10:00 a 18:30,1
328,1,10:00 a 18:30,1
328,2,10:00 a 18:30,1
328,3,10:00 a 18:30,1
328,4,10:00 a 18:30,1
328,5,10:00 a 16:00,1
329,6,08:00 a 00:00,1
329,0,08:00 a 00:00,1
329,1,08:00 a 00:00,1
329,2,08:00 a 00:00,1
329,3,08:00 a 00:00,1
329,4,08:00 a 00:00,1
329,5,08:00 a 00:00,1
330,6,Fechado,0
330,0,Fechado,0
330,1,Fechado,0
330,2,07:00 a 15:00,1
330,3,Fechado,0
330,4,Fechado,0
330,5,Fechado,0
332,6,10:00 a 17:00,1
332,0,Fechado,0
332,1,Fechado,0
332,2,10:00 a 17:00,1
332,3,Fechado,0
332,4,Fechado,0
332,5,Fechado,0
333,6,09:30 a 18:00,1
333,0,Fechado,0
333,1,Fechado,0
333,2,Fechado,0
333,3,Fechado,0
333,4,Fechado,0
333,5,09:30 a 18:00,1
334,6,10:00 a 17:00,1
334,0,Fechado,0
334,1,Fechado,0
334,2,Fechado,0
334,3,Fechado,0
334,4,Fechado,0
334,5,Fechado,0
335,6,"11:30 a 16:00, 18:00 a 23:30",1
335,0,18:00 a 00:00,1
335,1,18:00 a 00:00,1
335,2,18:00 a 00:00,1
335,3,18:00 a 00:00,1
335,4,18:00 a 01:00,1
335,5,18:00 a 01:00,1
336,6,"07:00 a 10:30, 12:00 a 23:00",1
336,0,"07:00 a 10:00, 12:00 a 23:00",1
336,1,"07:00 a 10:00, 12:00 a 23:00",1
336,2,"07:00 a 10:00, 12:00 a 23:00",1
336,3,"07:00 a 10:00, 12:00 a 23:00",1
336,4,"07:00 a 10:00, 12:00 a 23:00",1
336,5,"07:00 a 10:30, 12:00 a 23:00",1
337,6,Atendimento 24 horas,1
337,0,Atendimento 24 horas,1
337,1,Atendimento 24 horas,1
337,2,Atendimento 24 horas,1
337,3,Atendimento 24 horas,1
337,4,Atendimento 24 horas,1
337,5,Atendimento 24 horas,1
338,6,09:00 a 23:00,1
338,0,12:00 a 23:00,1
338,1,12:00 a 23:00,1
338,2,12:00 a 23:00,1
338,3,12:00 a 23:00,1
338,4,12:00 a 23:45,1
338,5,09:00 a 23:45,1
339,6,11:30 a 17:00,1
339,0,11:20 a 15:30,1
339,1,11:20 a 15:30,1
339,2,11:20 a 15:30,1
339,3,11:20 a 15:30,1
339,4,11:20 a 21:00,1
339,5,11:30 a 21:00,1
340,6,12:30 a 17:00,1
340,0,Fechado,0
340,1,"12:00 a 15:00, 19:00 a 23:00",1
340,2,"12:00 a 15:00, 19:00 a 23:00",1
340,3,"12:00 a 15:00, 19:00 a 23:00",1
340,4,"12:00 a 15:00, 19:00 a 23:30",1
340,5,12:30 a 23:30,1
341,6,11:30 a 23:30,1
341,0,11:30 a 23:30,1
341,1,11:30 a 23:30,1
341,2,11:30 a 23:30,1
341,3,11:30 a 23:30,1
341,4,11:30 a 00:30,1
341,5,11:30 a 00:00,1
342,6,07:00 a 22:00,1
342,0,07:00 a 22:00,1
342,1,07:00 a 22:00,1
342,2,07:00 a 22:00,1
342,3,07:00 a 22:00,1
342,4,"11:30 a 15:00, 19:00 a 00:00",1
342,5,07:00 a 22:00,1
343,6,Fechado,0
343,0,"11:30 a 15:00, 18:00 a 22:00",1
343,1,"11:30 a 15:00, 18:00 a 22:00",1
343,2,"11:30 a 15:00, 18:00 a 22:00",1
343,3,"11:30 a 15:00, 18:00 a 22:00",1
343,4,"11:30 a 15:00, 18:00 a 22:00",1
343,5,"11:30 a 15:00, 18:00 a 22:00",1
344,6,11:00 a 16:00,1
344,0,11:00 a 23:30,1
344,1,11:00 a 23:30,1
344,2,11:00 a 23:30,1
344,3,11:00 a 23:30,1
344,4,11:00 a 23:30,1
344,5,11:00 a 23:30,1
345,6,Fechado,0
345,0,11:30 a 15:00,1
345,1,11:30 a 15:00,1
345,2,"11:30 a 15:00, 17:00 a 23:00",1
345,3,"11:30 a 15:00, 17:00 a 23:00",1
345,4,"11:30 a 15:00, 17:00 a 23:00",1
345,5,11:30 a 18:00,1
346,6,11:00 a 23:00,1
346,0,11:00 a 23:00,1
346,1,11:00 a 23:00,1
346,2,11:00 a 23:00,1
346,3,11:00 a 23:00,1
346,4,11:00 a 00:00,1
346,5,11:00 a 00:00,1
347,6,Fechado,0
347,0,11:00 a 15:00,1
347,1,11:00 a 15:00,1
347,2,11:00 a 15:00,1
347,3,11:00 a 15:00,1
347,4,11:00 a 15:00,1
347,5,Fechado,0
348,6,12:00 a 21:30,1
348,0,Fechado,0
348,1,14:00 a 22:00,1
348,2,14:00 a 22:00,1
348,3,15:00 a 22:00,1
348,4,12:00 a 22:00,1
348,5,12:00 a 22:00,1
349,6,Fechado,0
349,0,07:00 a 19:00,1
349,1,07:00 a 19:00,1
349,2,07:00 a 19:00,1
349,3,07:00 a 19:00,1
349,4,07:00 a 19:00,1
349,5,Fechado,0
350,6,11:30 a 16:00,1
350,0,Fechado,0
350,1,11:30 a 16:00,1
350,2,11:30 a 16:00,1
350,3,11:30 a 16:00,1
350,4,11:30 a 16:00,1
350,5,11:30 a 16:00,1
351,6,Fechado,0
351,0,09:00 a 15:00,1
351,1,09:00 a 15:00,1
351,2,09:00 a 15:00,1
351,3,09:00 a 15:00,1
351,4,09:00 a 15:00,1
351,5,Fechado,0
352,6,18:00 a 00:00,1
352,0,18:00 a 00:00,1
352,1,18:00 a 00:00,1
352,2,18:00 a 00:00,1
352,3,18:00 a 00:00,1
352,4,18:00 a 00:00,1
352,5,18:00 a 00:00,1
353,6,12:00 a 17:00,1
353,0,12:00 a 16:00,1
353,1,12:00 a 21:00,1
353,2,12:00 a 21:00,1
353,3,12:00 a 21:00,1
353,4,12:00 a 22:30,1
353,5,12:00 a 23:00,1
354,6,12:00 a 16:30,1
354,0,19:00 a 23:30,1
354,1,"12:00 a 15:30, 18:30 a 23:30",1
354,2,"12:00 a 15:30, 18:30 a 23:30",1
354,3,"12:00 a 15:30, 18:30 a 23:30",1
354,4,"12:00 a 15:30, 18:30 a 23:30",1
354,5,12:00 a 23:30,1
355,6,Fechado,0
355,0,12:00 a 15:00,1
355,1,12:00 a 15:00,1
355,2,"12:00 a 15:00, 18:00 a 22:00",1
355,3,"12:00 a 15:00, 18:00 a 22:00",1
355,4,"12:00 a 15:00, 18:00 a 22:00",1
355,5,"12:00 a 15:00, 18:00 a 22:00",1
356,6,Fechado,0
356,0,11:00 a 16:00,1
356,1,11:00 a 16:00,1
356,2,11:00 a 16:00,1
356,3,11:00 a 16:00,1
356,4,11:00 a 16:00,1
356,5,11:00 a 16:00,1
357,6,Fechado,0
357,0,06:00 a 22:00,1
357,1,06:00 a 22:00,1
357,2,06:00 a 22:00,1
357,3,06:00 a 22:00,1
357,4,06:00 a 22:00,1
357,5,08:00 a 17:00,1
358,6,11:30 a 17:00,1
358,0,11:30 a 16:00,1
358,1,11:30 a 16:00,1
358,2,11:30 a 16:00,1
358,3,11:30 a 16:00,1
358,4,11:30 a 16:00,1
358,5,11:30 a 17:00,1
359,6,Fechado,0
359,0,09:00 a 20:00,1
359,1,09:00 a 20:00,1
359,2,09:00 a 20:00,1
359,3,09:00 a 20:00,1
359,4,09:00 a 20:00,1
359,5,09:00 a 16:00,1
360,6,07:00 a 22:00,1
360,0,06:00 a 22:00,1
360,1,06:00 a 22:00,1
360,2,06:00 a 22:00,1
360,3,06:00 a 22:00,1
360,4,06:00 a 23:00,1
360,5,06:00 a 23:00,1
361,6,12:00 a 00:00,1
361,0,"12:00 a 15:00, 17:00 a 00:00",1
361,1,"12:00 a 15:00, 17:00 a 00:00",1
361,2,"12:00 a 15:00, 17:00 a 00:00",1
361,3,"12:00 a 15:00, 17:00 a 00:00",1
361,4,12:00 a 01:00,1
361,5,12:00 a 01:00,1
362,6,11:00 a 16:00,1
362,0,Fechado,0
362,1,11:00 a 17:00,1
362,2,11:00 a 17:00,1
362,3,11:00 a 17:00,1
362,4,11:00 a 17:00,1
362,5,11:00 a 17:00,1
363,6,05:55 a 22:00,1
363,0,05:55 a 22:00,1
363,1,05:55 a 22:00,1
363,2,05:55 a 22:00,1
363,3,05:55 a 22:00,1
363,4,05:55 a 22:00,1
363,5,05:55 a 22:00,1
364,6,12:00 a 18:00,1
364,0,Fechado,0
364,1,16:00 a 00:00,1
364,2,16:00 a 00:00,1
364,3,16:00 a 00:00,1
364,4,16:00 a 00:00,1
364,5,12:00 a 00:00,1
365,6,Fechado,0
365,0,11:00 a 15:00,1
365,1,11:00 a 15:00,1
365,2,11:00 a 15:00,1
365,3,11:00 a 15:00,1
365,4,11:00 a 15:00,1
365,5,Fechado,0
366,6,12:00 a 22:00,1
366,0,12:00 a 00:00,1
366,1,12:00 a 00:00,1
366,2,12:00 a 00:00,1
366,3,12:00 a 01:00,1
366,4,12:00 a 01:00,1
366,5,12:00 a 01:00,1
367,6,18:00 a 00:00,1
367,0,Fechado,0
367,1,Fechado,0
367,2,Fechado,0
367,3,18:00 a 00:00,1
367,4,18:00 a 00:00,1
367,5,18:00 a 00:00,1
368,6,12:00 a 23:00,1
368,0,12:00 a 00:00,1
368,1,12:00 a 00:00,1
368,2,12:00 a 00:00,1
368,3,12:00 a 00:00,1
368,4,12:00 a 01:00,1
368,5,12:00 a 01:00,1
369,6,Fechado,0
369,0,06:00 a 22:00,1
369,1,06:00 a 22:00,1
369,2,06:00 a 22:00,1
369,3,06:00 a 22:00,1
369,4,06:00 a 22:00,1
369,5,06:00 a 22:00,1
370,6,Fechado,0
370,0,11:00 a 15:00,1
370,1,11:00 a 15:00,1
370,2,11:00 a 15:00,1
370,3,11:00 a 15:00,1
370,4,11:00 a 15:00,1
370,5,Fechado,0
371,6,Fechado,0
371,0,11:30 a 23:00,1
371,1,11:30 a 23:00,1
371,2,11:30 a 23:00,1
371,3,11:30 a 23:00,1
371,4,11:30 a 23:00,1
371,5,11:30 a 23:00,1
372,6,Fechado,0
372,0,07:00 a 20:00,1
372,1,07:00 a 20:00,1
372,2,07:00 a 20:00,1
372,3,07:00 a 20:00,1
372,4,07:00 a 20:00,1
372,5,07:00 a 20:00,1
373,6,12:00 a 17:00,1
373,0,"12:00 a 15:00, 18:00 a 00:00",1
373,1,"12:00 a 15:00, 18:00 a 00:00",1
373,2,"12:00 a 15:00, 18:00 a 00:00",1
373,3,"12:00 a 15:00, 18:00 a 00:00",1
373,4,"12:00 a 15:00, 18:00 a 00:00",1
373,5,"12:00 a 16:00, 18:00 a 00:00",1
374,6,12:00 a 16:30,1
374,0,Fechado,0
374,1,"12:00 a 15:00, 19:00 a 23:00",1
374,2,"12:00 a 15:00, 19:00 a 23:00",1
374,3,"12:00 a 15:00, 19:00 a 23:00",1
374,4,"12:00 a 15:00, 19:00 a 23:00",1
374,5,"12:00 a 16:30, 19:00 a 23:00",1
375,6,12:00 a 22:00,1
375,0,12:00 a 22:00,1
375,1,12:00 a 22:00,1
375,2,12:00 a 22:00,1
375,3,12:00 a 22:00,1
375,4,12:00 a 22:00,1
375,5,12:00 a 22:00,1
376,6,09:30 a 21:00,1
376,0,09:30 a 21:30,1
376,1,09:30 a 21:30,1
376,2,09:30 a 21:30,1
376,3,09:30 a 21:30,1
376,4,09:30 a 21:30,1
376,5,09:30 a 21:30,1
377,6,"12:00 a 15:00, 19:00 a 22:30",1
377,0,Fechado,0
377,1,"12:00 a 15:00, 19:00 a 22:30",1
377,2,"12:00 a 15:00, 19:00 a 22:30",1
377,3,"12:00 a 15:00, 19:00 a 22:30",1
377,4,"12:00 a 15:00, 19:00 a 22:30",1
377,5,"12:00 a 15:00, 19:00 a 22:30",1
378,6,11:00 a 22:30,1
378,0,11:00 a 23:00,1
378,1,11:00 a 23:00,1
378,2,11:00 a 23:00,1
378,3,11:00 a 23:00,1
378,4,11:00 a 23:00,1
378,5,11:00 a 23:00,1
379,6,09:00 a 16:00,1
379,0,Fechado,0
379,1,09:00 a 16:00,1
379,2,09:00 a 16:00,1
379,3,09:00 a 16:00,1
379,4,09:00 a 16:00,1
379,5,09:00 a 16:00,1
380,6,Fechado,0
380,0,18:00 a 22:00,1
380,1,18:00 a 22:00,1
380,2,18:00 a 22:00,1
380,3,18:00 a 22:00,1
380,4,18:00 a 22:00,1
380,5,18:00 a 22:00,1
381,6,11:30 a 23:00,1
381,0,11:30 a 23:00,1
381,1,11:30 a 23:00,1
381,2,11:30 a 23:00,1
381,3,11:30 a 23:00,1
381,4,11:30 a 23:30,1
381,5,11:30 a 23:30,1
382,6,09:00 a 22:00,1
382,0,Fechado,0
382,1,09:00 a 22:00,1
382,2,09:00 a 22:00,1
382,3,09:00 a 22:00,1
382,4,09:00 a 22:00,1
382,5,09:00 a 22:00,1
383,6,"11:00 a 15:00, 16:00 a 23:00",1
383,0,"11:00 a 15:00, 16:00 a 23:00",1
383,1,"11:00 a 15:00, 16:00 a 23:00",1
383,2,"11:00 a 15:00, 16:00 a 23:00",1
383,3,"11:00 a 15:00, 16:00 a 23:00",1
383,4,"11:00 a 15:00, 16:00 a 23:00",1
383,5,"11:00 a 15:00, 16:00 a 23:00",1
384,6,"11:30 a 17:00, 18:30 a 22:00",1
384,0,"11:30 a 15:00, 18:30 a 23:00",1
384,1,"11:30 a 15:00, 18:30 a 23:00",1
384,2,"11:30 a 15:00, 18:30 a 23:00",1
384,3,"11:30 a 15:00, 18:30 a 23:00",1
384,4,"11:30 a 15:00, 18:30 a 23:30",1
384,5,"11:30 a 16:00, 18:30 a 23:30",1
385,6,Fechado,0
385,0,11:45 a 14:30,1
385,1,"11:45 a 14:30, 19:00 a 22:00",1
385,2,"11:45 a 14:30, 19:00 a 22:00",1
385,3,"11:45 a 14:30, 19:00 a 22:00",1
385,4,"11:45 a 14:30, 19:00 a 22:00",1
385,5,"11:45 a 15:00, 19:00 a 22:00",1
386,6,Fechado,0
386,0,17:00 a 00:00,1
386,1,17:00 a 00:00,1
386,2,17:00 a 00:00,1
386,3,17:00 a 00:00,1
386,4,17:00 a 01:00,1
386,5,11:00 a 01:00,1
387,6,Fechado,0
387,0,07:00 a 22:00,1
387,1,07:00 a 22:00,1
387,2,07:00 a 22:00,1
387,3,07:00 a 22:00,1
387,4,07:00 a 22:00,1
387,5,07:00 a 18:00,1
388,6,Fechado,0
388,0,08:00 a 19:00,1
388,1,08:00 a 19:00,1
388,2,08:00 a 19:00,1
388,3,08:00 a 19:00,1
388,4,08:00 a 18:00,1
388,5,08:00 a 17:00,1
389,6,Fechado,0
389,0,Fechado,0
389,1,Fechado,0
389,2,17:30 a 00:00,1
389,3,17:30 a 01:00,1
389,4,17:30 a 02:00,1
389,5,17:30 a 02:00,1
391,6,12:30 a 16:00,1
391,0,Fechado,0
391,1,"12:00 a 15:00, 19:00 a 23:00",1
391,2,"12:00 a 15:00, 19:00 a 23:00",1
391,3,"12:00 a 15:00, 19:00 a 23:00",1
391,4,"12:00 a 15:00, 19:00 a 23:00",1
391,5,"12:30 a 16:00, 19:00 a 23:00",1
392,6,18:00 a 23:00,1
392,0,11:30 a 23:50,1
392,1,11:30 a 23:50,1
392,2,11:30 a 23:50,1
392,3,11:30 a 23:50,1
392,4,11:30 a 23:50,1
392,5,11:30 a 23:00,1
393,6,Fechado,0
393,0,06:00 a 23:20,1
393,1,06:00 a 23:20,1
393,2,06:00 a 23:20,1
393,3,06:00 a 23:20,1
393,4,06:00 a 23:20,1
393,5,06:00 a 20:00,1
394,6,Fechado,0
394,0,12:00 a 15:00,1
394,1,12:00 a 15:00,1
394,2,12:00 a 15:00,1
394,3,12:00 a 15:00,1
394,4,12:00 a 15:00,1
394,5,12:00 a 15:00,1
395,6,11:00 a 17:00,1
395,0,11:00 a 16:00,1
395,1,11:00 a 16:00,1
395,2,11:00 a 16:00,1
395,3,11:00 a 16:00,1
395,4,11:00 a 16:00,1
395,5,11:00 a 17:00,1
396,6,10:00 a 00:00,1
396,0,10:00 a 00:00,1
396,1,10:00 a 00:00,1
396,2,10:00 a 00:00,1
396,3,10:00 a 00:00,1
396,4,10:00 a 02:00,1
396,5,10:00 a 02:00,1
397,6,12:00 a 22:00,1
397,0,12:00 a 22:00,1
397,1,12:00 a 22:00,1
397,2,12:00 a 22:00,1
397,3,12:00 a 22:00,1
397,4,12:00 a 22:00,1
397,5,12:00 a 22:00,1
398,6,18:00 a 23:30,1
398,0,"11:00 a 15:00, 18:00 a 23:30",1
398,1,"11:00 a 15:00, 18:00 a 23:30",1
398,2,"11:00 a 15:00, 18:00 a 23:30",1
398,3,"11:00 a 15:00, 18:00 a 23:30",1
398,4,"11:00 a 15:00, 18:00 a 00:00",1
398,5,"11:00 a 15:00, 18:00 a 00:00",1
399,6,12:00 a 16:00,1
399,0,Fechado,0
399,1,12:00 a 15:00,1
399,2,12:00 a 15:00,1
399,3,12:00 a 15:00,1
399,4,12:00 a 15:00,1
399,5,12:00 a 16:00,1
400,6,11:00 a 20:00,1
400,0,11:00 a 23:00,1
400,1,11:00 a 23:00,1
400,2,11:00 a 23:00,1
400,3,11:00 a 23:00,1
400,4,11:00 a 00:00,1
400,5,11:00 a 00:00,1
401,6,12:00 a 22:30,1
401,0,12:00 a 22:30,1
401,1,12:00 a 22:30,1
401,2,12:00 a 22:30,1
401,3,12:00 a 22:30,1
401,4,12:00 a 22:30,1
401,5,12:00 a 22:30,1
402,6,12:00 a 22:45,1
402,0,Fechado,0
402,1,18:30 a 23:15,1
402,2,18:30 a 23:15,1
402,3,12:00 a 23:15,1
402,4,12:00 a 23:15,1
402,5,12:00 a 23:15,1
403,6,Fechado,0
403,0,09:30 a 17:00,1
403,1,09:30 a 17:00,1
403,2,09:30 a 17:00,1
403,3,09:30 a 17:00,1
403,4,09:30 a 17:00,1
403,5,09:30 a 18:30,1
404,6,12:00 a 16:30,1
404,0,Fechado,0
404,1,12:00 a 15:00,1
404,2,12:00 a 15:00,1
404,3,12:00 a 15:00,1
404,4,12:00 a 15:00,1
404,5,12:00 a 17:00,1
405,6,11:30 a 15:00,1
405,0,Fechado,0
405,1,"11:30 a 15:00, 18:30 a 22:00",1
405,2,"11:30 a 15:00, 18:30 a 22:00",1
405,3,"11:30 a 15:00, 18:30 a 22:00",1
405,4,"11:30 a 15:00, 18:30 a 23:00",1
405,5,"11:30 a 15:00, 18:30 a 23:00",1
406,6,Fechado,0
406,0,11:00 a 17:00,1
406,1,11:00 a 17:00,1
406,2,11:00 a 17:00,1
406,3,11:00 a 17:00,1
406,4,11:00 a 17:00,1
406,5,11:00 a 17:00,1
407,6,11:30 a 23:00,1
407,0,"11:30 a 15:30, 17:00 a 23:00",1
407,1,"11:30 a 15:30, 17:00 a 23:00",1
407,2,"11:30 a 15:30, 17:00 a 23:00",1
407,3,"11:30 a 15:30, 17:00 a 23:00",1
407,4,"11:30 a 15:30, 17:00 a 00:00",1
407,5,11:30 a 00:00,1
408,6,12:00 a 22:00,1
408,0,Fechado,0
408,1,12:00 a 22:00,1
408,2,12:00 a 22:00,1
408,3,12:00 a 22:00,1
408,4,12:00 a 23:00,1
408,5,12:00 a 23:00,1
409,6,12:00 a 23:00,1
409,0,12:00 a 23:00,1
409,1,12:00 a 23:00,1
409,2,12:00 a 23:00,1
409,3,12:00 a 23:00,1
409,4,12:00 a 00:00,1
409,5,12:00 a 00:00,1
410,6,Fechado,0
410,0,11:00 a 15:00,1
410,1,11:00 a 15:00,1
410,2,11:00 a 15:00,1
410,3,11:00 a 15:00,1
410,4,11:00 a 15:00,1
410,5,11:00 a 15:00,1
411,6,12:00 a 18:00,1
411,0,"12:00 a 15:30, 19:00 a 23:15",1
411,1,"12:00 a 15:30, 19:00 a 23:15",1
411,2,"12:00 a 15:30, 19:00 a 23:15",1
411,3,"12:00 a 15:30, 19:00 a 23:15",1
411,4,"12:00 a 15:30, 19:00 a 23:15",1
411,5,12:00 a 23:15,1
412,6,10:00 a 01:00,1
412,0,10:00 a 01:00,1
412,1,10:00 a 01:00,1
412,2,10:00 a 01:00,1
412,3,10:00 a 01:00,1
412,4,10:00 a 01:00,1
412,5,10:00 a 01:00,1
413,6,Fechado,0
413,0,"12:00 a 14:30, 19:00 a 23:30",1
413,1,"12:00 a 14:30, 19:00 a 23:30",1
413,2,"12:00 a 14:30, 19:00 a 23:30",1
413,3,"12:00 a 14:30, 19:00 a 23:30",1
413,4,"12:00 a 14:30, 19:00 a 00:00",1
413,5,19:00 a 00:00,1
414,6,11:00 a 22:00,1
414,0,Fechado,0
414,1,11:00 a 22:00,1
414,2,11:00 a 22:00,1
414,3,11:00 a 22:00,1
414,4,11:00 a 22:00,1
414,5,11:00 a 22:00,1
415,6,"12:00 a 17:00, 19:00 a 22:00",1
415,0,"12:00 a 15:30, 19:00 a 22:00",1
415,1,"12:00 a 15:30, 19:00 a 22:00",1
415,2,"12:00 a 15:30, 19:00 a 22:00",1
415,3,"12:00 a 15:30, 19:00 a 22:00",1
415,4,"12:00 a 15:30, 19:00 a 22:00",1
415,5,"12:00 a 17:00, 19:00 a 22:00",1
416,6,"12:00 a 16:00, 18:00 a 22:00",1
416,0,Fechado,0
416,1,18:00 a 23:00,1
416,2,18:00 a 23:00,1
416,3,18:00 a 23:00,1
416,4,18:00 a 00:00,1
416,5,"12:00 a 16:00, 18:00 a 00:00",1
417,6,Fechado,0
417,0,06:00 a 23:00,1
417,1,06:00 a 23:00,1
417,2,06:00 a 23:00,1
417,3,06:00 a 23:00,1
417,4,06:00 a 23:00,1
417,5,06:00 a 23:00,1
418,6,11:00 a 20:00,1
418,0,11:00 a 22:00,1
418,1,11:00 a 22:00,1
418,2,11:00 a 22:00,1
418,3,11:00 a 22:00,1
418,4,11:00 a 22:00,1
418,5,11:00 a 20:00,1
419,6,11:00 a 23:00,1
419,0,11:00 a 23:00,1
419,1,11:00 a 23:00,1
419,2,11:00 a 23:00,1
419,3,11:00 a 23:00,1
419,4,11:00 a 23:00,1
419,5,11:00 a 23:00,1
420,6,12:00 a 23:00,1
420,0,12:00 a 23:00,1
420,1,12:00 a 23:30,1
420,2,12:00 a 23:30,1
420,3,12:00 a 23:30,1
420,4,12:00 a 00:00,1
420,5,12:00 a 00:00,1
421,6,11:00 a 15:00,1
421,0,11:00 a 15:00,1
421,1,11:00 a 15:00,1
421,2,11:00 a 15:00,1
421,3,11:00 a 15:00,1
421,4,11:00 a 15:00,1
421,5,Fechado,0
422,6,Fechado,0
422,0,12:00 a 00:00,1
422,1,12:00 a 00:00,1
422,2,12:00 a 00:00,1
422,3,12:00 a 00:00,1
422,4,12:00 a 00:00,1
422,5,12:00 a 21:00,1
423,6,10:00 a 22:00,1
423,0,10:00 a 22:00,1
423,1,10:00 a 22:00,1
423,2,10:00 a 22:00,1
423,3,10:00 a 22:00,1
423,4,10:00 a 22:00,1
423,5,10:00 a 22:00,1
424,6,12:00 a 16:00,1
424,0,Fechado,0
424,1,Fechado,0
424,2,12:00 a 15:00,1
424,3,12:00 a 15:00,1
424,4,12:00 a 15:00,1
424,5,"12:00 a 16:00, 19:30 a 23:00",1
425,6,11:40 a 23:00,1
425,0,11:40 a 23:00,1
425,1,11:40 a 23:00,1
425,2,11:40 a 23:00,1
425,3,11:40 a 23:00,1
425,4,11:40 a 01:00,1
425,5,11:40 a 01:00,1
427,6,12:00 a 15:30,1
427,0,"12:00 a 15:00, 19:00 a 23:00",1
427,1,"12:00 a 15:00, 19:00 a 23:00",1
427,2,"12:00 a 15:00, 19:00 a 23:00",1
427,3,"12:00 a 15:00, 19:00 a 23:00",1
427,4,"12:00 a 15:00, 19:00 a 23:00",1
427,5,"12:00 a 15:00, 19:00 a 23:00",1
428,6,12:00 a 16:00,1
428,0,11:30 a 15:00,1
428,1,11:30 a 15:00,1
428,2,11:30 a 15:00,1
428,3,11:30 a 15:00,1
428,4,11:30 a 15:00,1
428,5,12:00 a 16:00,1
429,6,14:00 a 22:00,1
429,0,Fechado,0
429,1,16:00 a 00:00,1
429,2,16:00 a 00:00,1
429,3,16:00 a 00:00,1
429,4,16:00 a 00:00,1
429,5,11:00 a 23:00,1
430,6,Fechado,0
430,0,07:00 a 21:00,1
430,1,07:00 a 21:00,1
430,2,09:00 a 21:00,1
430,3,07:00 a 21:00,1
430,4,07:00 a 23:00,1
430,5,07:00 a 23:00,1
431,6,14:00 a 23:00,1
431,0,14:00 a 22:00,1
431,1,14:00 a 22:00,1
431,2,14:00 a 22:00,1
431,3,14:00 a 22:00,1
431,4,14:00 a 23:00,1
431,5,14:00 a 23:00,1
432,6,11:30 a 23:30,1
432,0,11:30 a 23:30,1
432,1,11:30 a 23:30,1
432,2,11:30 a 23:30,1
432,3,11:30 a 23:30,1
432,4,11:30 a 23:30,1
432,5,11:30 a 23:30,1
433,6,"00:30 a 01:00, 11:30 a 00:00",1
433,0,"11:30 a 15:00, 17:00 a 00:00",1
433,1,"11:30 a 15:00, 17:00 a 00:00",1
433,2,"11:30 a 15:00, 17:00 a 00:00",1
433,3,"11:30 a 15:00, 17:00 a 00:00",1
433,4,11:30 a 00:00,1
433,5,"00:30 a 01:00, 11:30 a 00:00",1
434,6,12:00 a 22:00,1
434,0,12:00 a 23:00,1
434,1,12:00 a 23:00,1
434,2,12:00 a 23:00,1
434,3,12:00 a 23:00,1
434,4,12:00 a 23:00,1
434,5,12:00 a 00:00,1
435,6,12:00 a 23:00,1
435,0,"12:00 a 15:00, 19:00 a 23:00",1
435,1,"12:00 a 15:00, 19:00 a 23:00",1
435,2,"12:00 a 15:00, 19:00 a 23:00",1
435,3,"12:00 a 15:00, 19:00 a 23:00",1
435,4,"12:00 a 15:00, 19:00 a 23:00",1
435,5,12:00 a 23:00,1
436,6,12:00 a 17:00,1
436,0,12:00 a 15:00,1
436,1,"12:00 a 15:00, 18:45 a 23:00",1
436,2,"12:00 a 15:00, 18:45 a 23:00",1
436,3,"12:00 a 15:00, 18:45 a 23:00",1
436,4,"12:00 a 15:00, 18:45 a 23:00",1
436,5,12:00 a 23:00,1
437,6,Fechado,0
437,0,11:30 a 15:00,1
437,1,11:30 a 15:00,1
437,2,11:30 a 15:00,1
437,3,11:30 a 15:00,1
437,4,11:30 a 15:00,1
437,5,11:30 a 15:00,1
438,6,08:00 a 23:00,1
438,0,08:00 a 16:00,1
438,1,08:00 a 00:00,1
438,2,08:00 a 00:00,1
438,3,08:00 a 00:00,1
438,4,08:00 a 00:00,1
438,5,08:00 a 00:00,1
439,6,18:30 a 23:30,1
439,0,18:30 a 23:30,1
439,1,18:30 a 23:30,1
439,2,18:30 a 23:30,1
439,3,18:30 a 23:30,1
439,4,18:30 a 00:30,1
439,5,18:30 a 00:30,1
440,6,Fechado,0
440,0,11:30 a 15:00,1
440,1,11:30 a 15:00,1
440,2,11:30 a 15:00,1
440,3,11:30 a 15:00,1
440,4,11:30 a 15:00,1
440,5,Fechado,0
441,6,11:00 a 20:00,1
441,0,Fechado,0
441,1,12:00 a 22:00,1
441,2,12:00 a 22:00,1
441,3,12:00 a 22:00,1
441,4,12:00 a 22:00,1
441,5,12:00 a 00:00,1
442,6,10:00 a 15:00,1
442,0,11:00 a 15:00,1
442,1,11:00 a 15:00,1
442,2,11:00 a 15:00,1
442,3,11:00 a 15:00,1
442,4,11:00 a 15:00,1
442,5,10:00 a 15:00,1
443,6,12:00 a 23:00,1
443,0,11:30 a 23:30,1
443,1,11:30 a 23:30,1
443,2,11:30 a 23:30,1
443,3,11:30 a 23:30,1
443,4,11:30 a 23:30,1
443,5,11:30 a 23:30,1
444,6,Fechado,0
444,0,06:30 a 18:00,1
444,1,06:30 a 18:00,1
444,2,06:30 a 18:00,1
444,3,06:30 a 18:00,1
444,4,06:30 a 18:00,1
444,5,06:30 a 14:40,1
445,6,11:40 a 20:00,1
445,0,"11:40 a 15:30, 17:00 a 22:00",1
445,1,"11:40 a 15:30, 17:30 a 22:00",1
445,2,"11:40 a 15:30, 17:30 a 23:00",1
445,3,"11:40 a 15:30, 17:30 a 23:00",1
445,4,11:40 a 23:00,1
445,5,11:40 a 23:00,1
446,6,"12:00 a 17:00, 18:00 a 22:00",1
446,0,Fechado,0
446,1,18:00 a 22:30,1
446,2,"11:00 a 15:30, 18:00 a 22:30",1
446,3,"11:00 a 15:30, 18:00 a 22:30",1
446,4,"11:00 a 15:30, 18:00 a 00:00",1
446,5,12:00 a 00:00,1
447,6,Fechado,0
447,0,11:30 a 14:30,1
447,1,11:30 a 14:30,1
447,2,11:30 a 14:30,1
447,3,11:30 a 14:30,1
447,4,11:30 a 14:30,1
447,5,Fechado,0
448,6,Fechado,0
448,0,11:30 a 15:00,1
448,1,11:30 a 15:00,1
448,2,11:30 a 15:00,1
448,3,11:30 a 15:00,1
448,4,11:30 a 15:00,1
448,5,Fechado,0
449,6,09:00 a 22:00,1
449,0,09:00 a 23:00,1
449,1,09:00 a 23:00,1
449,2,09:00 a 23:00,1
449,3,09:00 a 23:00,1
449,4,09:00 a 23:00,1
449,5,09:00 a 23:00,1
450,6,09:40 a 17:00,1
450,0,Fechado,0
450,1,09:40 a 17:00,1
450,2,09:40 a 17:00,1
450,3,09:40 a 17:00,1
450,4,09:40 a 17:00,1
450,5,09:40 a 17:00,1
451,6,12:00 a 23:00,1
451,0,"12:00 a 15:00, 18:00 a 23:00",1
451,1,"12:00 a 15:00, 18:00 a 23:00",1
451,2,"12:00 a 15:00, 18:00 a 23:00",1
451,3,"12:00 a 15:00, 18:00 a 23:00",1
451,4,12:00 a 23:00,1
451,5,12:00 a 23:00,1
452,6,12:00 a 23:00,1
452,0,Fechado,0
452,1,"12:00 a 16:00, 19:00 a 23:00",1
452,2,"12:00 a 16:00, 19:00 a 23:00",1
452,3,"12:00 a 16:00, 19:00 a 23:00",1
452,4,"12:00 a 16:00, 19:00 a 00:00",1
452,5,12:00 a 00:00,1
453,6,12:00 a 17:00,1
453,0,Fechado,0
453,1,11:30 a 16:00,1
453,2,11:30 a 16:00,1
453,3,11:30 a 16:00,1
453,4,11:30 a 16:00,1
453,5,12:00 a 17:00,1
454,6,12:00 a 21:00,1
454,0,"12:00 a 15:00, 18:00 a 22:00",1
454,1,"12:00 a 15:00, 18:00 a 22:00",1
454,2,"12:00 a 15:00, 18:00 a 22:00",1
454,3,"12:00 a 15:00, 18:00 a 22:00",1
454,4,"12:00 a 15:00, 18:00 a 22:00",1
454,5,12:00 a 22:00,1
455,6,Fechado,0
455,0,11:30 a 15:00,1
455,1,11:30 a 15:00,1
455,2,11:30 a 15:00,1
455,3,11:30 a 15:00,1
455,4,11:30 a 15:00,1
455,5,11:30 a 17:00,1
456,6,12:30 a 22:00,1
456,0,12:00 a 22:00,1
456,1,12:00 a 22:00,1
456,2,12:00 a 22:00,1
456,3,12:00 a 22:00,1
456,4,12:00 a 22:00,1
456,5,12:30 a 22:00,1
457,6,Fechado,0
457,0,Fechado,0
457,1,18:30 a 23:00,1
457,2,18:30 a 23:00,1
457,3,18:30 a 23:00,1
457,4,18:30 a 23:00,1
457,5,18:30 a 23:00,1
458,6,11:00 a 22:00,1
458,0,11:00 a 23:00,1
458,1,11:00 a 23:00,1
458,2,11:00 a 23:00,1
458,3,11:00 a 23:00,1
458,4,11:00 a 23:00,1
458,5,11:00 a 23:00,1
459,6,Fechado,0
459,0,12:00 a 15:00,1
459,1,12:00 a 15:00,1
459,2,12:00 a 15:00,1
459,3,12:00 a 15:00,1
459,4,12:00 a 15:00,1
459,5,12:00 a 16:00,1
460,6,Fechado,0
460,0,"11:00 a 14:00, 18:00 a 22:00",1
460,1,"11:00 a 14:00, 18:00 a 22:00",1
460,2,"11:00 a 14:00, 18:00 a 22:00",1
460,3,"11:00 a 14:00, 18:00 a 22:00",1
460,4,"11:00 a 14:00, 18:00 a 21:00",1
460,5,"11:00 a 14:00, 18:00 a 22:00",1
461,6,Fechado,0
461,0,11:00 a 17:00,1
461,1,11:00 a 17:00,1
461,2,11:00 a 17:00,1
461,3,11:00 a 17:00,1
461,4,11:00 a 17:00,1
461,5,11:00 a 17:00,1
462,6,Fechado,0
462,0,11:00 a 15:30,1
462,1,11:00 a 20:00,1
462,2,11:00 a 20:00,1
462,3,11:00 a 20:00,1
462,4,11:00 a 20:00,1
462,5,11:00 a 20:00,1
463,6,11:00 a 23:00,1
463,0,11:00 a 23:00,1
463,1,11:00 a 23:00,1
463,2,11:00 a 23:00,1
463,3,11:00 a 23:00,1
463,4,11:00 a 23:00,1
463,5,11:00 a 23:00,1
464,6,12:00 a 18:30,1
464,0,12:00 a 23:00,1
464,1,12:00 a 23:00,1
464,2,12:00 a 23:00,1
464,3,12:00 a 00:00,1
464,4,12:00 a 00:00,1
464,5,12:00 a 00:00,1
465,6,"12:00 a 16:30, 18:45 a 22:30",1
465,0,Fechado,0
465,1,12:00 a 23:00,1
465,2,12:00 a 23:00,1
465,3,12:00 a 23:00,1
465,4,12:00 a 23:00,1
465,5,"12:00 a 16:45, 18:45 a 22:45",1
466,6,12:00 a 17:00,1
466,0,12:00 a 22:00,1
466,1,12:00 a 22:00,1
466,2,12:00 a 22:00,1
466,3,12:00 a 22:00,1
466,4,12:00 a 22:00,1
466,5,12:00 a 22:00,1
467,6,11:00 a 22:00,1
467,0,11:00 a 23:00,1
467,1,11:00 a 23:00,1
467,2,11:00 a 23:00,1
467,3,11:00 a 23:00,1
467,4,11:00 a 00:00,1
467,5,11:00 a 00:00,1
468,6,11:00 a 23:00,1
468,0,11:00 a 23:00,1
468,1,11:00 a 23:00,1
468,2,11:00 a 23:00,1
468,3,11:00 a 23:00,1
468,4,11:00 a 23:00,1
468,5,11:00 a 23:00,1
470,6,Fechado,0
470,0,06:00 a 20:00,1
470,1,06:00 a 20:00,1
470,2,06:00 a 20:00,1
470,3,06:00 a 20:00,1
470,4,06:00 a 20:00,1
470,5,06:00 a 16:00,1
471,6,Fechado,0
471,0,11:00 a 16:00,1
471,1,11:00 a 16:00,1
471,2,11:00 a 16:00,1
471,3,11:00 a 16:00,1
471,4,11:00 a 16:00,1
471,5,11:00 a 16:00,1
472,6,11:30 a 20:00,1
472,0,11:30 a 20:00,1
472,1,11:30 a 20:00,1
472,2,11:30 a 20:00,1
472,3,09:00 a 20:00,1
472,4,11:30 a 20:00,1
472,5,11:30 a 20:00,1
473,6,Fechado,0
473,0,11:00 a 15:30,1
473,1,11:00 a 15:30,1
473,2,11:00 a 15:30,1
473,3,11:00 a 15:30,1
473,4,11:00 a 15:30,1
473,5,Fechado,0
474,6,11:30 a 17:00,1
474,0,11:30 a 17:00,1
474,1,11:30 a 17:00,1
474,2,11:30 a 17:00,1
474,3,11:30 a 17:00,1
474,4,11:30 a 20:00,1
474,5,11:00 a 22:00,1
475,6,12:00 a 15:00,1
475,0,Fechado,0
475,1,"12:00 a 14:30, 19:00 a 21:00",1
475,2,"12:00 a 14:30, 19:00 a 21:00",1
475,3,"12:00 a 14:30, 19:00 a 21:00",1
475,4,"12:00 a 14:30, 19:00 a 21:00",1
475,5,"12:00 a 14:30, 19:00 a 21:00",1
476,6,11:30 a 18:00,1
476,0,11:30 a 17:00,1
476,1,11:30 a 17:00,1
476,2,11:30 a 22:30,1
476,3,11:30 a 22:30,1
476,4,11:30 a 22:30,1
476,5,11:30 a 22:30,1
477,6,Fechado,0
477,0,11:00 a 15:30,1
477,1,11:00 a 15:30,1
477,2,"11:00 a 15:30, 18:00 a 22:00",1
477,3,"11:00 a 15:30, 18:00 a 22:00",1
477,4,"11:00 a 15:30, 18:00 a 22:00",1
477,5,11:00 a 17:00,1
478,6,Fechado,0
478,0,11:30 a 15:00,1
478,1,11:30 a 15:00,1
478,2,11:30 a 15:00,1
478,3,11:30 a 15:00,1
478,4,11:30 a 15:00,1
478,5,12:00 a 16:00,1
479,6,10:00 a 22:00,1
479,0,10:00 a 22:00,1
479,1,10:00 a 22:00,1
479,2,10:00 a 22:00,1
479,3,10:00 a 22:00,1
479,4,10:00 a 23:00,1
479,5,10:00 a 23:00,1
480,6,18:00 a 23:00,1
480,0,18:00 a 23:00,1
480,1,18:00 a 23:00,1
480,2,18:00 a 23:00,1
480,3,18:00 a 23:00,1
480,4,18:00 a 23:00,1
480,5,18:00 a 23:00,1
481,6,12:00 a 16:00,1
481,0,Fechado,0
481,1,12:00 a 15:00,1
481,2,12:00 a 15:00,1
481,3,12:00 a 15:00,1
481,4,12:00 a 15:00,1
481,5,12:00 a 16:00,1
482,6,11:20 a 16:00,1
482,0,11:20 a 16:00,1
482,1,11:20 a 16:00,1
482,2,11:20 a 16:00,1
482,3,11:20 a 16:00,1
482,4,11:20 a 16:00,1
482,5,11:20 a 16:00,1
484,6,Fechado,0
484,0,12:00 a 22:00,1
484,1,12:00 a 22:00,1
484,2,12:00 a 22:00,1
484,3,12:00 a 22:00,1
484,4,11:30 a 22:30,1
484,5,11:30 a 22:30,1
485,6,Fechado,0
485,0,11:30 a 15:00,1
485,1,11:30 a 15:00,1
485,2,11:30 a 15:00,1
485,3,11:30 a 15:00,1
485,4,11:30 a 15:00,1
485,5,Fechado,0
486,6,11:00 a 23:00,1
486,0,11:00 a 23:00,1
486,1,11:00 a 23:00,1
486,2,11:00 a 23:00,1
486,3,11:00 a 23:00,1
486,4,11:00 a 00:00,1
486,5,11:00 a 00:00,1
487,6,12:00 a 20:00,1
487,0,12:00 a 22:00,1
487,1,12:00 a 23:00,1
487,2,12:00 a 23:00,1
487,3,12:00 a 23:00,1
487,4,12:00 a 23:00,1
487,5,12:00 a 23:00,1
488,6,Fechado,0
488,0,07:00 a 22:00,1
488,1,07:00 a 22:00,1
488,2,07:00 a 22:00,1
488,3,07:00 a 22:00,1
488,4,07:00 a 22:00,1
488,5,07:00 a 22:00,1
489,6,06:00 a 00:00,1
489,0,06:00 a 00:00,1
489,1,06:00 a 00:00,1
489,2,06:00 a 00:00,1
489,3,06:00 a 00:00,1
489,4,06:00 a 01:00,1
489,5,06:00 a 01:00,1
490,6,12:00 a 21:00,1
490,0,"12:00 a 15:00, 18:30 a 23:00",1
490,1,"12:00 a 15:00, 18:30 a 23:00",1
490,2,"12:00 a 15:00, 18:30 a 23:00",1
490,3,"12:00 a 15:00, 18:30 a 23:00",1
490,4,"12:00 a 15:00, 18:30 a 23:00",1
490,5,12:00 a 00:00,1
491,6,12:00 a 23:00,1
491,0,18:30 a 00:00,1
491,1,"12:00 a 15:00, 18:30 a 00:00",1
491,2,"12:00 a 15:00, 18:30 a 00:00",1
491,3,"12:00 a 15:00, 18:30 a 00:00",1
491,4,"12:00 a 15:00, 18:30 a 00:00",1
491,5,12:00 a 00:00,1
492,6,12:00 a 16:00,1
492,0,Fechado,0
492,1,"12:00 a 15:00, 19:00 a 22:00",1
492,2,"12:00 a 15:00, 19:00 a 22:00",1
492,3,"12:00 a 15:00, 19:00 a 23:00",1
492,4,"12:00 a 15:00, 19:00 a 23:00",1
492,5,"12:00 a 15:00, 19:00 a 23:00",1
493,6,Atendimento 24 horas,1
493,0,Fechado,0
493,1,Atendimento 24 horas,1
493,2,Atendimento 24 horas,1
493,3,Atendimento 24 horas,1
493,4,Atendimento 24 horas,1
493,5,Atendimento 24 horas,1
494,6,13:00 a 22:00,1
494,0,Fechado,0
494,1,18:00 a 23:00,1
494,2,18:00 a 23:00,1
494,3,18:00 a 23:00,1
494,4,18:00 a 01:00,1
494,5,13:00 a 01:00,1
495,6,Fechado,0
495,0,11:30 a 15:00,1
495,1,11:30 a 17:30,1
495,2,11:30 a 17:30,1
495,3,11:30 a 17:30,1
495,4,11:30 a 17:30,1
495,5,Fechado,0
496,6,16:00 a 23:00,1
496,0,Fechado,0
496,1,"11:30 a 14:30, 18:00 a 23:30",1
496,2,"11:30 a 14:30, 18:00 a 01:30",1
496,3,"11:30 a 14:30, 18:00 a 23:30",1
496,4,"11:30 a 14:30, 18:00 a 01:30",1
496,5,18:00 a 01:30,1
497,6,12:00 a 23:00,1
497,0,Fechado,0
497,1,"12:00 a 15:00, 18:30 a 23:00",1
497,2,"12:00 a 15:00, 18:30 a 23:00",1
497,3,"12:00 a 15:00, 18:30 a 23:00",1
497,4,"12:00 a 15:00, 18:30 a 23:30",1
497,5,12:00 a 00:00,1
498,6,Fechado,0
498,0,11:00 a 15:00,1
498,1,11:00 a 15:00,1
498,2,11:00 a 15:00,1
498,3,11:00 a 15:00,1
498,4,11:00 a 15:00,1
498,5,Fechado,0
499,6,11:00 a 01:00,1
499,0,11:30 a 00:00,1
499,1,11:30 a 00:00,1
499,2,11:30 a 00:00,1
499,3,11:30 a 00:00,1
499,4,11:00 a 01:00,1
499,5,11:00 a 01:00,1
500,6,Fechado,0
500,0,Fechado,0
500,1,16:00 a 22:00,1
500,2,16:00 a 22:00,1
500,3,16:00 a 22:00,1
500,4,16:00 a 22:00,1
500,5,16:00 a 22:00,1
501,6,12:00 a 23:00,1
501,0,12:00 a 23:00,1
501,1,12:00 a 23:00,1
501,2,12:00 a 23:00,1
501,3,12:00 a 23:00,1
501,4,12:00 a 23:30,1
501,5,12:00 a 23:30,1
502,6,12:00 a 23:00,1
502,0,Fechado,0
502,1,12:00 a 23:00,1
502,2,12:00 a 23:00,1
502,3,12:00 a 23:00,1
502,4,12:00 a 00:00,1
502,5,12:00 a 00:00,1
503,6,Fechado,0
503,0,11:00 a 15:00,1
503,1,11:00 a 15:00,1
503,2,11:00 a 15:00,1
503,3,11:00 a 15:00,1
503,4,11:00 a 15:00,1
503,5,Fechado,0
504,6,11:00 a 15:00,1
504,0,Fechado,0
504,1,11:30 a 15:00,1
504,2,11:30 a 15:00,1
504,3,11:30 a 15:00,1
504,4,11:30 a 15:00,1
504,5,11:30 a 15:00,1
505,6,11:00 a 22:00,1
505,0,11:00 a 22:00,1
505,1,11:00 a 22:00,1
505,2,11:00 a 22:00,1
505,3,11:00 a 22:00,1
505,4,11:00 a 22:00,1
505,5,11:00 a 22:00,1
506,6,09:00 a 17:00,1
506,0,Fechado,0
506,1,12:00 a 22:00,1
506,2,12:00 a 22:00,1
506,3,12:00 a 22:00,1
506,4,12:00 a 22:00,1
506,5,09:00 a 22:00,1
507,6,12:00 a 16:00,1
507,0,Fechado,0
507,1,09:00 a 22:00,1
507,2,"12:00 a 15:00, 18:30 a 22:00",1
507,3,"12:00 a 15:00, 18:30 a 22:00",1
507,4,"12:00 a 15:30, 18:30 a 22:30",1
507,5,"12:00 a 16:00, 19:00 a 22:30",1
508,6,Fechado,0
508,0,11:00 a 15:00,1
508,1,11:00 a 15:00,1
508,2,11:00 a 15:00,1
508,3,11:00 a 15:00,1
508,4,11:00 a 15:00,1
508,5,Fechado,0
509,6,11:30 a 18:00,1
509,0,Fechado,0
509,1,Fechado,0
509,2,Fechado,0
509,3,15:00 a 23:00,1
509,4,15:00 a 23:00,1
509,5,12:00 a 00:00,1
510,6,Fechado,0
510,0,"12:00 a 15:00, 18:00 a 22:00",1
510,1,"12:00 a 15:00, 18:00 a 22:00",1
510,2,"12:00 a 15:00, 18:00 a 22:00",1
510,3,"12:00 a 15:00, 18:00 a 22:45",1
510,4,"12:00 a 15:00, 18:00 a 22:45",1
510,5,12:00 a 22:45,1
511,6,11:00 a 22:00,1
511,0,11:00 a 02:00,1
511,1,11:00 a 02:00,1
511,2,11:00 a 02:00,1
511,3,11:00 a 02:00,1
511,4,11:00 a 02:00,1
511,5,11:00 a 02:00,1
512,6,Fechado,0
512,0,11:00 a 15:00,1
512,1,11:00 a 15:00,1
512,2,11:00 a 15:00,1
512,3,11:00 a 15:00,1
512,4,11:00 a 15:00,1
512,5,Fechado,0
513,6,12:00 a 00:00,1
513,0,"12:00 a 15:00, 19:00 a 00:00",1
513,1,"12:00 a 15:00, 19:00 a 00:00",1
513,2,"12:00 a 15:00, 19:00 a 00:00",1
513,3,"12:00 a 15:00, 19:00 a 00:00",1
513,4,12:00 a 00:00,1
513,5,12:00 a 00:00,1
514,6,11:00 a 22:00,1
514,0,11:00 a 23:00,1
514,1,11:00 a 23:00,1
514,2,11:00 a 23:00,1
514,3,11:00 a 23:00,1
514,4,11:00 a 23:00,1
514,5,11:00 a 00:00,1
515,6,Fechado,0
515,0,11:00 a 15:00,1
515,1,11:00 a 15:00,1
515,2,11:00 a 15:00,1
515,3,11:00 a 15:00,1
515,4,11:00 a 15:00,1
515,5,Fechado,0
516,6,"15:00 a 18:00, 19:00 a 23:00",1
516,0,Fechado,0
516,1,"15:00 a 18:00, 19:00 a 23:00",1
516,2,"15:00 a 18:00, 19:00 a 23:00",1
516,3,"15:00 a 18:00, 19:00 a 23:00",1
516,4,"15:00 a 18:00, 19:00 a 23:00",1
516,5,"15:00 a 18:00, 19:00 a 23:00",1
517,6,12:00 a 17:00,1
517,0,Fechado,0
517,1,19:00 a 22:00,1
517,2,19:00 a 22:00,1
517,3,19:00 a 22:00,1
517,4,19:00 a 22:00,1
517,5,"12:00 a 16:00, 19:00 a 22:00",1
518,6,12:00 a 21:00,1
518,0,Fechado,0
518,1,Fechado,0
518,2,12:00 a 21:00,1
518,3,12:00 a 21:00,1
518,4,12:00 a 21:00,1
518,5,12:00 a 21:00,1
519,6,11:30 a 17:00,1
519,0,11:30 a 17:00,1
519,1,11:30 a 17:00,1
519,2,11:30 a 17:00,1
519,3,11:30 a 17:00,1
519,4,11:30 a 17:00,1
519,5,11:30 a 17:00,1
520,6,"07:00 a 11:00, 12:30 a 15:00",1
520,0,"06:30 a 10:30, 12:00 a 14:30, 19:00 a 23:00",1
520,1,"06:30 a 10:30, 12:00 a 14:30, 19:00 a 23:00",1
520,2,"06:30 a 10:30, 12:00 a 14:30, 19:00 a 23:00",1
520,3,"06:30 a 10:30, 12:00 a 14:30, 19:00 a 23:00",1
520,4,"06:30 a 10:30, 12:00 a 14:30, 19:00 a 23:00",1
520,5,"07:00 a 11:00, 12:30 a 15:00, 19:00 a 23:00",1
521,6,06:00 a 22:30,1
521,0,06:00 a 22:30,1
521,1,06:00 a 22:30,1
521,2,06:00 a 22:30,1
521,3,06:00 a 22:30,1
521,4,06:00 a 22:30,1
521,5,06:00 a 22:30,1
522,6,16:00 a 01:00,1
522,0,16:00 a 01:00,1
522,1,16:00 a 01:00,1
522,2,16:00 a 01:00,1
522,3,16:00 a 01:00,1
522,4,16:00 a 02:00,1
522,5,16:00 a 02:00,1
523,6,11:30 a 15:00,1
523,0,Fechado,0
523,1,11:30 a 15:00,1
523,2,11:30 a 15:00,1
523,3,11:30 a 15:00,1
523,4,11:30 a 15:00,1
523,5,11:30 a 15:00,1
524,6,Fechado,0
524,0,11:30 a 14:30,1
524,1,11:30 a 14:30,1
524,2,11:30 a 14:30,1
524,3,11:30 a 14:30,1
524,4,11:30 a 14:30,1
524,5,Fechado,0
525,6,Fechado,0
525,0,18:00 a 23:00,1
525,1,18:00 a 23:00,1
525,2,18:00 a 23:00,1
525,3,18:00 a 23:00,1
525,4,18:00 a 23:00,1
525,5,18:00 a 23:00,1
526,6,12:00 a 16:00,1
526,0,Fechado,0
526,1,12:00 a 15:00,1
526,2,12:00 a 15:00,1
526,3,"12:00 a 15:00, 18:00 a 21:00",1
526,4,"12:00 a 15:00, 18:00 a 21:00",1
526,5,12:00 a 21:00,1
527,6,12:00 a 17:00,1
527,0,Fechado,0
527,1,18:00 a 23:00,1
527,2,18:00 a 23:00,1
527,3,18:00 a 23:00,1
527,4,18:00 a 23:00,1
527,5,12:00 a 23:00,1
528,6,12:00 a 22:00,1
528,0,"12:00 a 15:30, 18:30 a 23:00",1
528,1,"12:00 a 15:30, 18:30 a 23:00",1
528,2,"12:00 a 15:30, 18:30 a 23:00",1
528,3,"12:00 a 15:30, 18:30 a 23:00",1
528,4,"12:00 a 15:30, 18:30 a 23:00",1
528,5,12:00 a 23:00,1
529,6,Fechado,0
529,0,11:00 a 15:30,1
529,1,11:00 a 15:30,1
529,2,11:00 a 15:30,1
529,3,11:00 a 15:30,1
529,4,11:00 a 15:30,1
529,5,11:00 a 16:00,1
530,6,12:00 a 23:00,1
530,0,12:00 a 23:00,1
530,1,12:00 a 23:00,1
530,2,12:00 a 23:00,1
530,3,12:00 a 23:00,1
530,4,12:00 a 23:00,1
530,5,12:00 a 23:00,1
531,6,18:00 a 01:00,1
531,0,Fechado,0
531,1,Fechado,0
531,2,18:00 a 01:00,1
531,3,18:00 a 01:00,1
531,4,18:00 a 02:00,1
531,5,18:00 a 02:30,1
532,6,13:00 a 16:00,1
532,0,"12:00 a 16:00, 19:00 a 22:00",1
532,1,"12:00 a 16:00, 19:00 a 22:00",1
532,2,"12:00 a 16:00, 19:00 a 22:00",1
532,3,"12:00 a 16:00, 19:00 a 22:00",1
532,4,"12:00 a 16:00, 19:00 a 22:00",1
532,5,"13:00 a 16:00, 19:00 a 22:00",1
533,6,12:00 a 17:00,1
533,0,Fechado,0
533,1,19:00 a 23:30,1
533,2,19:00 a 23:30,1
533,3,19:00 a 23:30,1
533,4,19:00 a 23:30,1
533,5,"12:00 a 16:00, 19:00 a 23:30",1
534,6,Fechado,0
534,0,06:00 a 23:30,1
534,1,06:00 a 23:30,1
534,2,06:00 a 23:30,1
534,3,06:00 a 23:30,1
534,4,06:00 a 23:30,1
534,5,Fechado,0
535,6,12:00 a 21:00,1
535,0,13:00 a 20:00,1
535,1,13:00 a 21:00,1
535,2,13:00 a 21:00,1
535,3,13:00 a 21:00,1
535,4,12:00 a 21:00,1
535,5,12:00 a 21:00,1
536,6,11:30 a 00:00,1
536,0,11:30 a 00:00,1
536,1,11:30 a 00:00,1
536,2,11:30 a 00:00,1
536,3,11:30 a 00:00,1
536,4,11:30 a 01:00,1
536,5,11:30 a 01:00,1
537,6,12:00 a 18:00,1
537,0,Fechado,0
537,1,18:30 a 23:00,1
537,2,"09:00 a 16:00, 18:30 a 23:00",1
537,3,"12:00 a 16:00, 18:30 a 23:00",1
537,4,"12:00 a 16:00, 18:30 a 23:00",1
537,5,12:00 a 23:00,1
538,6,07:00 a 22:00,1
538,0,07:00 a 23:00,1
538,1,07:00 a 23:00,1
538,2,07:00 a 00:00,1
538,3,07:00 a 00:00,1
538,4,07:00 a 00:00,1
538,5,12:00 a 23:00,1
539,6,"12:00 a 15:00, 18:30 a 22:30",1
539,0,"11:30 a 14:30, 18:30 a 22:30",1
539,1,"11:30 a 14:30, 18:30 a 22:30",1
539,2,Fechado,0
539,3,"11:30 a 14:30, 18:30 a 22:30",1
539,4,"11:30 a 14:30, 18:30 a 22:30",1
539,5,"12:00 a 15:00, 18:30 a 22:30",1
540,6,12:00 a 18:00,1
540,0,Fechado,0
540,1,12:00 a 23:00,1
540,2,12:00 a 23:00,1
540,3,12:00 a 23:00,1
540,4,12:00 a 23:00,1
540,5,12:00 a 23:00,1
541,6,Fechado,0
541,0,07:00 a 22:00,1
541,1,07:00 a 22:00,1
541,2,07:00 a 22:00,1
541,3,07:00 a 22:00,1
541,4,07:00 a 22:00,1
541,5,07:00 a 22:00,1
542,6,Atendimento 24 horas,1
542,0,Atendimento 24 horas,1
542,1,Atendimento 24 horas,1
542,2,Atendimento 24 horas,1
542,3,Atendimento 24 horas,1
542,4,Atendimento 24 horas,1
542,5,Atendimento 24 horas,1
543,6,12:00 a 23:00,1
543,0,"12:00 a 15:00, 18:00 a 23:00",1
543,1,"12:00 a 15:00, 18:00 a 23:00",1
543,2,"12:00 a 15:00, 18:00 a 23:00",1
543,3,"12:00 a 15:00, 18:00 a 23:00",1
543,4,"12:00 a 15:00, 18:00 a 23:00",1
543,5,12:00 a 23:00,1
544,6,11:30 a 16:00,1
544,0,11:30 a 15:00,1
544,1,11:30 a 15:00,1
544,2,11:30 a 15:00,1
544,3,11:30 a 15:00,1
544,4,11:30 a 15:00,1
544,5,11:30 a 16:00,1
545,6,"12:00 a 17:00, 19:00 a 22:00",1
545,0,"12:00 a 15:30, 19:00 a 22:00",1
545,1,"12:00 a 15:30, 19:00 a 22:00",1
545,2,"12:00 a 15:30, 19:00 a 22:00",1
545,3,"12:00 a 15:30, 19:00 a 22:00",1
545,4,"12:00 a 15:30, 19:00 a 22:00",1
545,5,"12:00 a 17:00, 19:00 a 22:00",1
546,6,06:00 a 22:00,1
546,0,06:00 a 22:00,1
546,1,06:00 a 22:00,1
546,2,06:00 a 22:00,1
546,3,06:00 a 22:00,1
546,4,06:00 a 22:00,1
546,5,06:00 a 22:00,1
548,6,12:00 a 17:00,1
548,0,Fechado,0
548,1,"12:00 a 15:00, 19:00 a 23:00",1
548,2,"12:00 a 15:00, 19:00 a 23:00",1
548,3,"12:00 a 15:00, 19:00 a 23:00",1
548,4,"12:00 a 15:00, 19:00 a 23:00",1
548,5,12:00 a 23:00,1
549,6,11:30 a 22:00,1
549,0,11:30 a 23:00,1
549,1,11:30 a 23:00,1
549,2,11:30 a 23:00,1
549,3,11:30 a 23:00,1
549,4,11:30 a 00:00,1
549,5,11:30 a 00:00,1
550,6,Fechado,0
550,0,"07:00 a 11:00, 11:30 a 15:00",1
550,1,"07:00 a 11:00, 11:30 a 15:00",1
550,2,"07:00 a 11:00, 11:30 a 15:00",1
550,3,"07:00 a 11:00, 11:30 a 15:00",1
550,4,"07:00 a 11:00, 11:30 a 15:00",1
550,5,Fechado,0
551,6,Fechado,0
551,0,11:00 a 15:30,1
551,1,11:00 a 15:30,1
551,2,11:00 a 15:30,1
551,3,11:00 a 15:30,1
551,4,11:00 a 15:30,1
551,5,11:00 a 15:30,1
552,6,Fechado,0
552,0,11:00 a 15:30,1
552,1,11:00 a 15:30,1
552,2,11:00 a 15:30,1
552,3,11:00 a 15:30,1
552,4,11:00 a 15:30,1
552,5,11:00 a 15:30,1
553,6,Fechado,0
553,0,06:00 a 20:00,1
553,1,06:00 a 20:00,1
553,2,06:00 a 20:00,1
553,3,06:00 a 20:00,1
553,4,06:00 a 20:00,1
553,5,07:00 a 19:00,1
554,6,12:00 a 17:00,1
554,0,11:30 a 15:00,1
554,1,11:30 a 15:00,1
554,2,11:30 a 15:00,1
554,3,11:30 a 15:00,1
554,4,11:30 a 15:00,1
554,5,12:00 a 17:00,1
555,6,12:00 a 23:00,1
555,0,Fechado,0
555,1,18:00 a 23:00,1
555,2,18:00 a 23:00,1
555,3,18:00 a 23:00,1
555,4,18:00 a 23:30,1
555,5,11:30 a 23:30,1
556,6,12:00 a 18:00,1
556,0,12:00 a 23:00,1
556,1,12:00 a 23:00,1
556,2,12:00 a 23:00,1
556,3,12:00 a 00:00,1
556,4,12:00 a 00:00,1
556,5,12:00 a 00:00,1
557,6,12:00 a 22:00,1
557,0,11:30 a 22:00,1
557,1,11:30 a 22:00,1
557,2,11:30 a 22:00,1
557,3,11:30 a 22:00,1
557,4,11:30 a 22:00,1
557,5,11:30 a 22:00,1
558,6,12:00 a 18:00,1
558,0,Fechado,0
558,1,"12:00 a 15:00, 18:00 a 23:00",1
558,2,12:00 a 23:00,1
558,3,12:00 a 23:00,1
558,4,12:00 a 00:00,1
558,5,12:00 a 00:00,1
559,6,12:00 a 17:00,1
559,0,Fechado,0
559,1,"12:00 a 15:00, 19:00 a 23:00",1
559,2,"12:00 a 15:00, 19:00 a 23:00",1
559,3,"12:00 a 15:00, 19:00 a 23:00",1
559,4,12:00 a 23:00,1
559,5,12:00 a 23:00,1
560,6,12:00 a 23:00,1
560,0,"11:30 a 15:00, 18:30 a 23:00",1
560,1,"11:30 a 15:00, 18:30 a 23:00",1
560,2,"11:30 a 15:00, 18:30 a 23:00",1
560,3,"11:30 a 15:00, 18:30 a 23:00",1
560,4,"11:30 a 15:00, 18:30 a 00:00",1
560,5,12:00 a 00:00,1
561,6,Fechado,0
561,0,11:30 a 15:30,1
561,1,11:30 a 15:30,1
561,2,11:30 a 15:30,1
561,3,11:30 a 15:30,1
561,4,11:30 a 15:30,1
561,5,11:30 a 15:30,1
562,6,Fechado,0
562,0,11:30 a 15:30,1
562,1,11:30 a 15:30,1
562,2,11:30 a 15:30,1
562,3,11:30 a 15:30,1
562,4,11:30 a 15:30,1
562,5,Fechado,0
563,6,08:00 a 15:00,1
563,0,Fechado,0
563,1,Fechado,0
563,2,Fechado,0
563,3,Fechado,0
563,4,Fechado,0
563,5,08:00 a 15:00,1
564,6,Fechado,0
564,0,09:00 a 20:30,1
564,1,09:00 a 20:30,1
564,2,09:00 a 20:30,1
564,3,09:00 a 20:30,1
564,4,09:00 a 20:30,1
564,5,09:00 a 20:30,1
565,6,Fechado,0
565,0,11:00 a 16:00,1
565,1,11:00 a 16:00,1
565,2,11:00 a 16:00,1
565,3,11:00 a 16:00,1
565,4,11:00 a 16:00,1
565,5,11:00 a 16:00,1
566,6,11:30 a 17:00,1
566,0,Fechado,0
566,1,11:30 a 16:00,1
566,2,11:30 a 16:00,1
566,3,11:30 a 16:00,1
566,4,11:30 a 16:00,1
566,5,11:30 a 17:00,1
567,6,Fechado,0
567,0,11:30 a 15:00,1
567,1,11:30 a 15:00,1
567,2,11:30 a 15:00,1
567,3,11:30 a 15:00,1
567,4,11:30 a 15:00,1
567,5,Fechado,0
568,6,09:00 a 17:00,1
568,0,08:00 a 16:00,1
568,1,08:00 a 16:00,1
568,2,08:00 a 16:00,1
568,3,08:00 a 16:00,1
568,4,08:00 a 16:00,1
568,5,08:00 a 16:00,1
569,6,12:00 a 21:00,1
569,0,08:00 a 21:00,1
569,1,08:00 a 21:00,1
569,2,08:00 a 21:00,1
569,3,08:00 a 23:00,1
569,4,08:00 a 00:00,1
569,5,08:00 a 00:00,1
570,6,12:00 a 22:00,1
570,0,12:00 a 22:00,1
570,1,12:00 a 22:00,1
570,2,12:00 a 22:00,1
570,3,12:00 a 22:00,1
570,4,12:00 a 21:00,1
570,5,12:00 a 22:00,1
571,6,11:00 a 15:30,1
571,0,11:00 a 15:30,1
571,1,11:00 a 15:30,1
571,2,11:00 a 15:30,1
571,3,11:00 a 15:30,1
571,4,11:00 a 15:30,1
571,5,11:00 a 15:30,1
572,6,10:00 a 19:00,1
572,0,08:00 a 21:00,1
572,1,08:00 a 21:00,1
572,2,08:00 a 21:00,1
572,3,08:00 a 21:00,1
572,4,08:00 a 21:00,1
572,5,08:00 a 22:00,1
573,6,12:00 a 17:00,1
573,0,Fechado,0
573,1,"12:00 a 15:00, 18:00 a 22:00",1
573,2,"12:00 a 15:00, 18:00 a 22:00",1
573,3,"12:00 a 15:00, 18:00 a 22:00",1
573,4,"12:00 a 15:00, 18:00 a 23:00",1
573,5,"12:00 a 15:00, 18:00 a 23:00",1
574,6,Fechado,0
574,0,08:00 a 15:00,1
574,1,08:00 a 15:00,1
574,2,08:00 a 15:00,1
574,3,08:00 a 15:00,1
574,4,08:00 a 15:00,1
574,5,08:00 a 15:00,1
575,6,12:00 a 22:00,1
575,0,12:00 a 23:00,1
575,1,12:00 a 23:00,1
575,2,12:00 a 23:00,1
575,3,12:00 a 23:00,1
575,4,12:00 a 23:00,1
575,5,12:00 a 23:00,1
576,6,Fechado,0
576,0,"12:00 a 15:00, 19:00 a 00:00",1
576,1,"12:00 a 15:00, 19:00 a 00:00",1
576,2,"12:00 a 15:00, 19:00 a 00:00",1
576,3,"12:00 a 15:00, 19:00 a 00:00",1
576,4,"12:00 a 15:00, 19:00 a 00:00",1
576,5,"13:00 a 16:00, 19:00 a 00:00",1
577,6,12:30 a 16:00,1
577,0,Fechado,0
577,1,"12:00 a 15:00, 19:00 a 22:30",1
577,2,"12:00 a 15:00, 19:00 a 22:30",1
577,3,12:00 a 22:30,1
577,4,12:00 a 23:00,1
577,5,12:30 a 23:00,1
578,6,Fechado,0
578,0,18:00 a 01:00,1
578,1,18:00 a 01:00,1
578,2,18:00 a 01:00,1
578,3,18:00 a 01:00,1
578,4,18:00 a 01:00,1
578,5,18:00 a 01:00,1
579,6,12:00 a 17:00,1
579,0,Fechado,0
579,1,12:00 a 23:00,1
579,2,12:00 a 23:00,1
579,3,12:00 a 23:00,1
579,4,12:00 a 23:00,1
579,5,12:00 a 23:00,1
580,6,11:00 a 22:00,1
580,0,11:00 a 00:00,1
580,1,11:00 a 00:00,1
580,2,11:00 a 00:00,1
580,3,11:00 a 00:00,1
580,4,11:00 a 00:00,1
580,5,11:00 a 00:00,1
581,6,12:00 a 23:00,1
581,0,"12:00 a 15:00, 18:00 a 23:30",1
581,1,"12:00 a 15:00, 18:00 a 23:30",1
581,2,"12:00 a 15:00, 18:00 a 23:30",1
581,3,"12:00 a 15:00, 18:00 a 23:30",1
581,4,"12:00 a 15:00, 18:00 a 01:00",1
581,5,12:00 a 01:00,1
582,6,Fechado,0
582,0,07:00 a 21:00,1
582,1,07:00 a 21:00,1
582,2,07:00 a 21:00,1
582,3,07:00 a 21:00,1
582,4,07:00 a 21:00,1
582,5,07:00 a 21:00,1
583,6,10:30 a 18:00,1
583,0,10:30 a 17:00,1
583,1,10:30 a 22:00,1
583,2,10:30 a 22:00,1
583,3,10:30 a 22:00,1
583,4,10:30 a 22:00,1
583,5,10:30 a 22:00,1
584,6,Fechado,0
584,0,11:30 a 15:00,1
584,1,11:30 a 15:00,1
584,2,11:30 a 15:00,1
584,3,11:30 a 15:00,1
584,4,11:30 a 15:00,1
584,5,Fechado,0
585,6,12:00 a 21:00,1
585,0,"12:00 a 15:00, 18:30 a 23:00",1
585,1,"12:00 a 15:00, 18:30 a 23:00",1
585,2,"12:00 a 15:00, 18:30 a 23:00",1
585,3,"12:00 a 15:00, 18:30 a 23:00",1
585,4,"12:00 a 15:00, 18:30 a 23:00",1
585,5,12:00 a 23:00,1
586,6,Fechado,0
586,0,11:30 a 14:30,1
586,1,11:30 a 14:30,1
586,2,11:30 a 14:30,1
586,3,11:30 a 14:30,1
586,4,11:30 a 14:30,1
586,5,11:30 a 14:30,1
587,6,09:00 a 17:00,1
587,0,09:00 a 18:00,1
587,1,09:00 a 19:00,1
587,2,09:00 a 19:00,1
587,3,09:00 a 22:00,1
587,4,09:00 a 22:00,1
587,5,09:00 a 22:00,1
588,6,13:00 a 17:00,1
588,0,Fechado,0
588,1,19:00 a 23:00,1
588,2,19:00 a 23:00,1
588,3,19:00 a 23:00,1
588,4,19:00 a 23:00,1
588,5,"13:00 a 16:00, 19:00 a 23:00",1
589,6,12:00 a 21:00,1
589,0,12:00 a 23:00,1
589,1,12:00 a 23:00,1
589,2,12:00 a 23:00,1
589,3,12:00 a 00:00,1
589,4,12:00 a 00:00,1
589,5,12:00 a 00:00,1
590,6,Fechado,0
590,0,08:00 a 22:00,1
590,1,08:00 a 22:00,1
590,2,08:00 a 22:00,1
590,3,08:00 a 22:00,1
590,4,08:00 a 22:00,1
590,5,08:00 a 22:00,1
591,6,12:00 a 17:00,1
591,0,"12:00 a 15:00, 19:00 a 23:00",1
591,1,"12:00 a 15:00, 19:00 a 23:00",1
591,2,"12:00 a 15:00, 19:00 a 23:00",1
591,3,"12:00 a 15:00, 19:00 a 23:00",1
591,4,"12:00 a 15:00, 19:00 a 23:00",1
591,5,"12:00 a 17:00, 19:00 a 23:00",1
592,6,06:00 a 00:00,1
592,0,06:00 a 00:00,1
592,1,06:00 a 00:00,1
592,2,06:00 a 00:00,1
592,3,06:00 a 00:00,1
592,4,06:00 a 00:00,1
592,5,06:00 a 00:00,1
593,6,"12:00 a 15:30, 18:00 a 21:30",1
593,0,18:00 a 22:00,1
593,1,"12:00 a 14:30, 18:00 a 22:00",1
593,2,18:00 a 22:00,1
593,3,"12:00 a 14:30, 18:00 a 22:00",1
593,4,"12:00 a 14:30, 18:00 a 22:00",1
593,5,"12:00 a 15:00, 18:00 a 22:00",1
594,6,12:00 a 17:00,1
594,0,12:00 a 00:00,1
594,1,12:00 a 00:00,1
594,2,12:00 a 00:00,1
594,3,12:00 a 00:00,1
594,4,12:00 a 00:00,1
594,5,12:00 a 00:00,1
595,6,11:30 a 18:00,1
595,0,11:30 a 23:00,1
595,1,12:00 a 23:00,1
595,2,11:30 a 23:00,1
595,3,11:30 a 23:00,1
595,4,11:30 a 23:00,1
595,5,11:30 a 23:00,1
596,6,Fechado,0
596,0,Fechado,0
596,1,17:00 a 00:00,1
596,2,17:00 a 00:00,1
596,3,17:00 a 00:00,1
596,4,12:00 a 02:00,1
596,5,12:00 a 02:00,1
597,6,06:00 a 22:00,1
597,0,06:00 a 22:00,1
597,1,06:00 a 22:00,1
597,2,06:00 a 22:00,1
597,3,06:00 a 00:00,1
597,4,06:00 a 00:00,1
597,5,06:00 a 22:00,1
598,6,18:00 a 00:00,1
598,0,17:00 a 00:00,1
598,1,18:00 a 22:00,1
598,2,18:00 a 22:00,1
598,3,18:00 a 22:00,1
598,4,18:00 a 01:00,1
598,5,18:00 a 01:00,1
599,6,Fechado,0
599,0,06:00 a 22:00,1
599,1,06:00 a 22:00,1
599,2,06:00 a 22:00,1
599,3,06:00 a 22:00,1
599,4,06:00 a 22:00,1
599,5,07:00 a 21:00,1
600,6,12:00 a 17:00,1
600,0,"11:30 a 15:00, 18:00 a 22:00",1
600,1,"11:30 a 15:00, 18:00 a 22:00",1
600,2,"11:30 a 15:00, 18:00 a 22:00",1
600,3,"11:30 a 15:00, 18:00 a 22:00",1
600,4,"11:30 a 15:00, 18:00 a 23:30",1
600,5,"12:00 a 16:00, 19:00 a 23:30",1
601,6,12:00 a 01:00,1
601,0,12:00 a 01:00,1
601,1,12:00 a 01:00,1
601,2,12:00 a 01:00,1
601,3,12:00 a 01:00,1
601,4,12:00 a 01:00,1
601,5,12:00 a 01:00,1
602,6,Fechado,0
602,0,11:40 a 22:50,1
602,1,11:40 a 22:00,1
602,2,11:40 a 22:00,1
602,3,11:40 a 22:55,1
602,4,11:40 a 15:00,1
602,5,11:40 a 15:00,1
603,6,Fechado,0
603,0,11:00 a 15:00,1
603,1,11:00 a 15:00,1
603,2,11:00 a 15:00,1
603,3,11:00 a 15:00,1
603,4,11:00 a 15:00,1
603,5,11:00 a 15:00,1
604,6,Fechado,0
604,0,11:15 a 15:00,1
604,1,11:15 a 15:00,1
604,2,11:15 a 15:00,1
604,3,11:15 a 15:00,1
604,4,11:15 a 15:00,1
604,5,Fechado,0
605,6,12:00 a 16:30,1
605,0,Fechado,0
605,1,"12:00 a 15:00, 19:00 a 23:30",1
605,2,"12:00 a 15:00, 19:00 a 23:30",1
605,3,"12:00 a 15:00, 19:00 a 23:30",1
605,4,"12:00 a 15:00, 19:00 a 23:30",1
605,5,"12:00 a 16:00, 19:00 a 23:30",1
606,6,12:00 a 16:15,1
606,0,Fechado,0
606,1,"12:00 a 15:30, 18:30 a 21:30",1
606,2,"12:00 a 15:30, 18:30 a 21:30",1
606,3,"12:00 a 15:30, 18:30 a 21:30",1
606,4,"12:00 a 15:30, 18:30 a 21:30",1
606,5,"12:00 a 15:30, 18:30 a 21:30",1
607,6,12:00 a 18:00,1
607,0,Fechado,0
607,1,19:00 a 23:00,1
607,2,"12:00 a 15:00, 19:00 a 23:00",1
607,3,"12:00 a 15:00, 19:00 a 23:00",1
607,4,"12:00 a 15:00, 19:00 a 23:00",1
607,5,12:00 a 23:00,1
608,6,Fechado,0
608,0,11:30 a 15:00,1
608,1,11:30 a 15:00,1
608,2,11:30 a 15:00,1
608,3,11:30 a 15:00,1
608,4,11:30 a 15:00,1
608,5,11:30 a 15:00,1
609,6,11:00 a 22:00,1
609,0,"11:00 a 15:30, 18:00 a 23:00",1
609,1,"11:00 a 15:30, 18:00 a 23:00",1
609,2,"11:00 a 15:30, 18:00 a 23:00",1
609,3,"11:00 a 15:30, 18:00 a 23:00",1
609,4,11:00 a 23:00,1
609,5,11:00 a 23:00,1
610,6,18:00 a 23:15,1
610,0,18:00 a 23:15,1
610,1,18:00 a 23:15,1
610,2,18:00 a 23:15,1
610,3,18:00 a 23:15,1
610,4,18:00 a 23:45,1
610,5,18:00 a 23:45,1
611,6,18:00 a 23:00,1
611,0,Fechado,0
611,1,18:00 a 23:00,1
611,2,18:00 a 23:00,1
611,3,18:00 a 23:00,1
611,4,18:00 a 00:00,1
611,5,18:00 a 00:00,1
612,6,Fechado,0
612,0,11:30 a 15:00,1
612,1,11:30 a 15:00,1
612,2,11:30 a 15:00,1
612,3,11:30 a 15:00,1
612,4,11:30 a 15:00,1
612,5,Fechado,0
613,6,13:00 a 16:30,1
613,0,Fechado,0
613,1,Fechado,0
613,2,Fechado,0
613,3,Fechado,0
613,4,Fechado,0
613,5,12:30 a 15:30,1
614,6,12:00 a 23:00,1
614,0,12:00 a 23:00,1
614,1,12:00 a 23:00,1
614,2,12:00 a 23:00,1
614,3,12:00 a 23:00,1
614,4,12:00 a 23:00,1
614,5,12:00 a 23:00,1
615,6,Fechado,0
615,0,10:00 a 17:30,1
615,1,10:00 a 17:30,1
615,2,10:00 a 17:30,1
615,3,10:00 a 17:30,1
615,4,10:00 a 17:30,1
615,5,10:00 a 17:30,1
616,6,Fechado,0
616,0,06:00 a 23:00,1
616,1,06:00 a 23:00,1
616,2,06:00 a 23:00,1
616,3,06:00 a 23:00,1
616,4,06:00 a 23:00,1
616,5,06:00 a 17:00,1
617,6,11:00 a 23:00,1
617,0,11:00 a 22:00,1
617,1,11:00 a 22:00,1
617,2,11:00 a 22:00,1
617,3,11:00 a 22:00,1
617,4,11:00 a 22:00,1
617,5,11:00 a 23:00,1
618,6,11:00 a 00:00,1
618,0,11:00 a 00:00,1
618,1,11:00 a 00:00,1
618,2,11:00 a 00:00,1
618,3,11:00 a 00:00,1
618,4,11:00 a 01:00,1
618,5,11:00 a 01:00,1
619,6,11:00 a 21:00,1
619,0,11:00 a 00:00,1
619,1,11:00 a 00:00,1
619,2,11:00 a 00:00,1
619,3,11:00 a 00:00,1
619,4,11:00 a 00:00,1
619,5,11:00 a 00:00,1
620,6,12:00 a 17:00,1
620,0,Fechado,0
620,1,"12:00 a 16:00, 19:30 a 23:00",1
620,2,"12:00 a 16:00, 19:30 a 23:00",1
620,3,"12:00 a 16:00, 19:30 a 23:00",1
620,4,"12:00 a 16:00, 19:30 a 23:30",1
620,5,"12:00 a 16:00, 19:30 a 23:30",1
621,6,11:30 a 23:30,1
621,0,11:30 a 23:30,1
621,1,11:30 a 23:30,1
621,2,11:30 a 23:30,1
621,3,11:30 a 23:30,1
621,4,11:30 a 23:30,1
621,5,11:30 a 23:30,1
622,6,"12:00 a 16:00, 19:00 a 22:00",1
622,0,"12:00 a 16:00, 19:00 a 23:30",1
622,1,"12:00 a 16:00, 19:00 a 23:30",1
622,2,"12:00 a 16:00, 19:00 a 23:30",1
622,3,"12:00 a 16:00, 19:00 a 23:30",1
622,4,"12:00 a 16:00, 19:00 a 23:30",1
622,5,12:00 a 23:30,1
623,6,Fechado,0
623,0,08:00 a 21:00,1
623,1,06:00 a 21:00,1
623,2,08:00 a 22:00,1
623,3,08:00 a 22:00,1
623,4,08:00 a 00:00,1
623,5,08:00 a 20:00,1
625,6,Fechado,0
625,0,06:00 a 21:00,1
625,1,06:00 a 21:00,1
625,2,06:00 a 21:00,1
625,3,06:00 a 21:00,1
625,4,06:00 a 21:00,1
625,5,07:00 a 18:00,1
626,6,11:00 a 16:00,1
626,0,11:00 a 15:00,1
626,1,11:00 a 15:00,1
626,2,11:00 a 15:00,1
626,3,11:00 a 15:00,1
626,4,11:00 a 15:00,1
626,5,11:00 a 16:00,1
627,6,12:00 a 22:00,1
627,0,Fechado,0
627,1,17:00 a 00:00,1
627,2,17:00 a 00:00,1
627,3,17:00 a 00:00,1
627,4,17:00 a 00:00,1
627,5,12:00 a 01:00,1
628,6,10:00 a 18:00,1
628,0,Fechado,0
628,1,10:00 a 18:00,1
628,2,10:00 a 18:00,1
628,3,10:00 a 18:00,1
628,4,10:00 a 18:00,1
628,5,10:00 a 18:00,1
629,6,12:00 a 15:00,1
629,0,Fechado,0
629,1,18:00 a 23:00,1
629,2,Fechado,0
629,3,18:00 a 23:00,1
629,4,18:00 a 23:00,1
629,5,"12:00 a 15:00, 18:00 a 23:00",1
630,6,06:00 a 21:00,1
630,0,06:00 a 22:00,1
630,1,06:00 a 22:00,1
630,2,06:00 a 22:00,1
630,3,06:00 a 22:00,1
630,4,06:00 a 22:00,1
630,5,06:00 a 22:00,1
631,6,Fechado,0
631,0,11:30 a 15:00,1
631,1,11:30 a 15:00,1
631,2,11:30 a 15:00,1
631,3,11:30 a 15:00,1
631,4,11:30 a 15:00,1
631,5,11:30 a 15:00,1
632,6,Fechado,0
632,0,11:30 a 15:00,1
632,1,11:30 a 15:00,1
632,2,11:30 a 15:00,1
632,3,11:30 a 15:00,1
632,4,11:30 a 15:00,1
632,5,Fechado,0
633,6,11:30 a 22:00,1
633,0,11:30 a 22:00,1
633,1,11:30 a 22:00,1
633,2,11:30 a 22:00,1
633,3,11:30 a 22:00,1
633,4,11:30 a 22:00,1
633,5,11:30 a 22:00,1
634,6,11:30 a 22:30,1
634,0,11:30 a 22:30,1
634,1,11:30 a 22:30,1
634,2,11:30 a 22:30,1
634,3,11:30 a 22:30,1
634,4,11:30 a 23:00,1
634,5,11:30 a 23:00,1
635,6,08:00 a 19:00,1
635,0,08:00 a 22:00,1
635,1,08:00 a 22:00,1
635,2,08:00 a 22:00,1
635,3,08:00 a 22:00,1
635,4,08:00 a 22:00,1
635,5,08:00 a 22:00,1
636,6,Fechado,0
636,0,11:30 a 15:00,1
636,1,11:30 a 15:00,1
636,2,11:30 a 15:00,1
636,3,11:30 a 15:00,1
636,4,11:30 a 15:00,1
636,5,11:30 a 16:00,1
637,6,11:00 a 18:00,1
637,0,11:00 a 18:00,1
637,1,11:00 a 18:00,1
637,2,11:00 a 18:00,1
637,3,11:00 a 18:00,1
637,4,11:00 a 18:00,1
637,5,11:00 a 18:00,1
638,6,12:00 a 01:00,1
638,0,17:00 a 01:00,1
638,1,14:00 a 01:00,1
638,2,14:00 a 01:00,1
638,3,14:00 a 01:00,1
638,4,14:00 a 01:00,1
638,5,12:00 a 01:00,1
